73280.000000,73230.000000,830.421580,0.986627,1.358288,0.146712,-1.180123,0.000058,-2200.000000,0.526316,-0.014986,0.019074,0.985014,1400.000000,0.000000,0.002729,0.386131,0.981004,0.985014,1.005731,0.986627,1.318212,0.019074,324.961536,-0.000341,1171.270678,-0.026918,1.000000
80980.000000,76115.000000,1062.826420,1.012596,0.836072,0.914572,0.959705,0.000040,-2000.000000,0.526316,-0.014423,0.015625,0.985577,1300.000000,0.000000,0.003729,-0.096431,0.984394,0.985577,1.028649,1.012596,-0.341554,0.015625,386.781592,0.006483,810.478254,-0.004854,1.000000
71900.000000,71800.000000,1141.928194,0.972184,1.324652,-0.108674,-1.751424,0.000060,-1300.000000,0.473684,-0.016878,0.022504,0.983122,1600.000000,0.000000,0.002026,0.431233,0.977591,0.983122,0.993046,0.970793,0.614306,0.022504,392.937654,-0.010779,641.774883,-0.023743,0.000000
77600.000000,76780.000000,1563.329780,1.006443,0.739377,0.696040,0.319830,0.000059,-2500.000000,0.421053,-0.013889,0.018939,0.986111,1500.000000,0.000000,0.003722,-0.274470,0.981132,0.986111,1.024485,1.005155,-0.049974,0.018939,334.664011,0.009343,1346.059063,-0.018844,1.000000
64640.000000,64780.000000,749.933330,0.999381,1.100285,0.456969,-0.053338,0.000052,0.000000,0.631579,0.007800,0.026521,1.007800,1700.000000,0.000000,0.002391,0.035600,0.973846,1.007800,1.005569,0.979270,0.402423,0.026521,549.181209,-0.004254,867.107260,0.007800,1.000000
61040.000000,62270.000000,553.534100,0.996068,1.067772,0.132885,-0.433578,0.000044,100.000000,0.526316,-0.001642,0.021346,0.998358,1300.000000,0.000000,0.002126,0.031963,0.978964,0.998358,1.012451,0.991153,0.003724,0.021346,263.818119,-0.004915,452.769257,0.003300,0.000000
67560.000000,68020.000000,624.819974,0.996152,0.839426,0.337475,-0.416120,0.000041,-600.000000,0.368421,0.007485,0.016467,1.007485,1100.000000,0.000000,0.002543,-0.332111,0.983776,1.007485,1.003552,0.987271,-0.207356,0.016467,213.541565,-0.004440,696.419414,0.000000,0.000000
64820.000000,65095.000000,685.273668,0.988892,0.833185,0.123052,-1.050675,0.000050,300.000000,0.421053,0.006279,0.015699,1.006279,1000.000000,0.000000,0.002106,-0.308396,0.984520,1.006279,0.996606,0.981179,-0.075643,0.015699,162.480768,-0.006942,229.128785,-0.001558,1.000000
68320.000000,74505.000000,1325.745074,0.968970,1.216418,-0.013344,-1.599101,0.000050,100.000000,0.315789,-0.011940,0.019403,0.988060,1300.000000,0.000000,0.002689,0.909748,0.980684,0.988060,0.985070,0.966042,0.120030,0.019403,331.058907,-0.013905,512.347538,-0.019259,0.000000
81400.000000,78980.000000,340.587727,1.004914,0.815542,0.803227,1.174440,0.000020,400.000000,0.631579,0.003681,0.009816,1.003681,800.000000,0.000000,0.003042,-0.376829,0.990256,1.003681,1.008600,0.998771,-0.407118,0.009816,320.000000,0.003071,217.944947,0.003681,1.000000
63380.000000,61710.000000,624.179461,0.982960,1.221763,0.593702,-1.730272,0.000067,-1900.000000,0.684211,-0.018898,0.020472,0.981102,1300.000000,0.000000,0.002039,0.231440,0.979560,0.981102,1.003471,0.982960,0.063732,0.020472,349.857114,-0.006706,864.219301,-0.025039,1.000000
66640.000000,68550.000000,224.499443,0.999400,0.938887,0.192568,-0.178174,0.000023,-300.000000,0.263158,-0.008929,0.020833,0.991071,1400.000000,0.000000,0.002410,-0.270315,0.979321,0.991071,1.015906,0.994898,-0.202992,0.020833,233.238076,-0.001501,273.861279,0.000000,1.000000
86480.000000,84295.000000,1103.449138,1.004857,1.117496,0.723318,0.380625,0.000070,1200.000000,0.631579,0.036993,0.036993,1.036993,3100.000000,0.000000,0.003491,0.186315,0.964327,1.036993,1.004857,0.969010,-0.061592,0.036993,776.144316,0.007227,1200.780996,0.002307,0.000000
77480.000000,81415.000000,1522.366579,1.014455,0.893500,0.261163,0.735697,0.000064,3700.000000,0.368421,0.014194,0.020645,1.014194,1600.000000,0.000000,0.004121,-0.098940,0.979695,1.014194,1.017037,0.996386,0.037246,0.020645,438.178046,-0.003227,1998.124120,0.041060,0.000000
78300.000000,77845.000000,379.473319,0.992337,0.938176,0.489164,-1.581139,0.000074,-600.000000,0.526316,0.000000,0.011583,1.000000,900.000000,0.000000,0.003295,-0.521090,0.988520,1.000000,1.001277,0.989783,-0.334092,0.011583,464.758002,-0.001916,497.493719,-0.007663,0.000000
69580.000000,74970.000000,1663.009320,0.970106,1.041763,-0.023146,-1.250745,0.000062,-1300.000000,0.368421,0.008969,0.023916,1.008969,1600.000000,0.000000,0.002514,0.549920,0.976540,1.008969,0.980167,0.957172,0.425919,0.023916,292.574777,-0.017965,861.684397,-0.020319,0.000000
65520.000000,65315.000000,271.293199,1.005800,0.756428,0.738738,1.400699,0.000040,1100.000000,0.631579,-0.006033,0.013575,0.993967,900.000000,0.000000,0.002397,-0.342841,0.986425,0.993967,1.011905,0.998168,-0.522558,0.013575,162.480768,0.001526,452.769257,0.012289,0.000000
73280.000000,75290.000000,444.522215,0.990721,0.620381,0.166322,-1.529732,0.000031,-2100.000000,0.473684,-0.012245,0.016327,0.987755,1200.000000,0.000000,0.002949,-0.161559,0.983718,0.987755,1.005731,0.989356,-0.271433,0.016327,422.374242,-0.003412,750.000000,-0.017591,0.000000
84080.000000,80545.000000,381.575681,0.995480,0.818996,0.692467,-0.995871,0.000025,-900.000000,0.473684,-0.011806,0.020071,0.988194,1700.000000,0.000000,0.004245,-0.326777,0.979976,0.988194,1.009753,0.989534,-0.096484,0.020071,331.058907,-0.002379,514.781507,-0.004756,0.000000
65260.000000,65275.000000,422.374242,0.989887,1.292901,0.228695,-1.562595,0.000053,-100.000000,0.526316,-0.013740,0.018321,0.986260,1200.000000,0.000000,0.002198,-0.004802,0.981679,0.986260,1.003678,0.985290,0.471003,0.018321,189.736660,-0.003065,595.818764,-0.010720,0.000000
70840.000000,68850.000000,480.000000,1.012140,1.478470,0.863857,1.791667,0.000030,400.000000,0.526316,0.007022,0.014045,1.007022,1000.000000,0.000000,0.002248,0.568226,0.986072,1.007022,1.013552,0.999435,0.968673,0.014045,248.193473,0.004941,403.112887,0.011283,1.000000
63240.000000,60540.000000,1210.950040,0.964579,1.493263,0.548141,-1.849787,0.000064,-1000.000000,0.631579,-0.039370,0.042520,0.960630,2700.000000,0.000000,0.002552,0.952389,0.957614,0.960630,1.007274,0.964579,0.768248,0.042520,783.326241,-0.009488,1252.996409,-0.036335,1.000000
69660.000000,66605.000000,1486.741403,1.037898,1.761066,1.145861,1.775695,0.000051,500.000000,0.578947,0.014025,0.015428,1.014025,1100.000000,0.000000,0.002207,1.085908,0.984786,1.014025,1.037898,1.022107,2.209302,0.015428,256.124969,0.013997,798.044485,0.028450,0.000000
71420.000000,67500.000000,762.627039,1.010921,0.611001,0.928450,1.022780,0.000062,1800.000000,0.578947,0.006974,0.008368,1.006974,600.000000,0.000000,0.002286,-0.108950,0.991690,1.006974,1.010921,1.002520,-0.377898,0.008368,292.574777,0.006651,1209.080229,0.018336,0.000000
72360.000000,71905.000000,557.135531,0.989497,1.237255,0.382270,-1.364121,0.000040,600.000000,0.473684,-0.004172,0.012517,0.995828,900.000000,0.000000,0.002007,0.233451,0.987569,0.995828,1.000553,0.988115,0.263614,0.012517,278.567766,-0.002073,653.834842,-0.005556,0.000000
82860.000000,77240.000000,1504.127654,1.014965,1.089834,0.908155,0.824398,0.000049,-3900.000000,0.578947,-0.002372,0.017794,0.997628,1500.000000,0.000000,0.003951,0.292677,0.982353,0.997628,1.025827,1.007724,0.215610,0.017794,272.763634,0.009957,1565.846416,-0.010588,1.000000
64700.000000,64985.000000,802.496106,1.015456,0.926041,0.683560,1.246112,0.000048,-700.000000,0.684211,-0.004545,0.018182,0.995455,1200.000000,0.000000,0.002458,-0.018812,0.981900,0.995455,1.024730,1.006182,-0.110930,0.018182,422.374242,0.008114,248.746859,0.003053,0.000000
64640.000000,65015.000000,492.341345,1.005569,1.041332,0.494065,0.731200,0.000043,-1300.000000,0.421053,-0.013657,0.016692,0.986343,1100.000000,0.000000,0.001993,-0.096679,0.983308,0.986343,1.019493,1.002475,-0.077552,0.016692,185.472370,0.003094,494.974747,-0.006116,1.000000
72480.000000,70785.000000,416.653333,0.989238,0.743830,0.631953,-1.872060,0.000031,-300.000000,0.526316,-0.009669,0.012431,0.990331,900.000000,0.000000,0.002099,-0.467185,0.987603,0.990331,1.001656,0.989238,-0.370727,0.012431,132.664992,-0.003449,320.156212,-0.009669,0.000000
59680.000000,61050.000000,396.988665,1.002011,0.850186,0.233354,0.302276,0.000050,1800.000000,0.421053,-0.003333,0.011667,0.996667,700.000000,0.000000,0.002038,-0.138251,0.988391,0.996667,1.010389,0.998660,-0.268747,0.011667,160.000000,-0.001257,746.240578,0.013559,1.000000
68600.000000,67660.000000,2044.504830,1.037901,1.455752,1.169495,1.271702,0.000053,-3900.000000,0.368421,-0.023320,0.030178,0.976680,2200.000000,0.000000,0.002143,1.054371,0.969822,0.976680,1.062682,1.030612,1.884077,0.030178,1431.083506,0.016035,1742.125139,0.002817,0.000000
58860.000000,59145.000000,567.802783,0.990486,0.729060,0.339689,-0.986258,0.000040,-1000.000000,0.473684,-0.011864,0.025424,0.988136,1500.000000,0.000000,0.004422,-0.277033,0.974832,0.988136,1.012572,0.987088,-0.312937,0.025424,682.934843,0.000849,909.670270,-0.015203,1.000000
65060.000000,65075.000000,608.604962,1.005226,0.630296,0.587979,0.558655,0.000034,-500.000000,0.631579,0.004608,0.010753,1.004608,700.000000,0.000000,0.002439,-0.390366,0.989329,1.004608,1.008300,0.997541,-0.299086,0.010753,340.587727,0.004995,438.035387,-0.004566,0.000000
77340.000000,78215.000000,801.498596,1.003362,0.721336,0.385378,0.324392,0.000042,-900.000000,0.368421,0.014379,0.023529,1.014379,1800.000000,0.000000,0.003204,-0.030690,0.976923,1.014379,1.008534,0.985260,-0.050326,0.023529,1061.319933,-0.000323,1411.338018,0.005181,0.000000
69580.000000,70845.000000,970.360758,0.981604,0.862937,0.018417,-1.319097,0.000068,600.000000,0.315789,-0.007267,0.013081,0.992733,900.000000,0.000000,0.002484,-0.166348,0.986975,0.992733,0.993101,0.980167,-0.051799,0.013081,257.681975,-0.005389,1003.431612,-0.007267,1.000000
76640.000000,81035.000000,1053.755190,1.000783,0.639970,0.170352,0.056939,0.000079,2700.000000,0.315789,-0.014139,0.017995,0.985861,1400.000000,0.000000,0.004002,-0.466065,0.982028,0.985861,1.016441,0.998173,-0.581364,0.017995,430.813185,0.001957,1957.677195,0.005242,1.000000
60060.000000,62475.000000,826.075057,1.015651,0.778455,0.324103,1.137911,0.000029,-1300.000000,0.368421,-0.001637,0.021277,0.998363,1300.000000,0.000000,0.005244,-0.274357,0.978827,0.998363,1.022311,1.000666,-0.171333,0.021277,256.124969,0.002914,1035.313962,0.003289,0.000000
65480.000000,65330.000000,285.657137,0.997251,0.903492,0.487672,-0.630126,0.000042,-1400.000000,0.578947,-0.007599,0.010638,0.992401,700.000000,0.000000,0.002246,-0.301330,0.989362,0.992401,1.004887,0.994197,-0.349386,0.010638,189.736660,-0.001527,533.853913,-0.009105,0.000000
82040.000000,84735.000000,1293.986090,0.986104,0.838388,0.126333,-0.880999,0.000073,2100.000000,0.473684,0.002478,0.011152,1.002478,900.000000,0.000000,0.003605,-0.325896,0.988930,1.002478,0.990980,0.980010,-0.235903,0.011152,512.249939,-0.006399,1237.689379,0.006219,1.000000
77940.000000,74550.000000,1072.567014,0.982807,0.826833,0.712593,-1.249339,0.000065,2200.000000,0.736842,0.006570,0.015769,1.006570,1200.000000,0.000000,0.002420,0.060529,0.984476,1.006570,0.991789,0.976392,-0.257934,0.015769,285.657137,-0.004491,1404.457191,-0.005195,1.000000
77660.000000,74820.000000,1195.993311,0.986351,0.678345,0.691718,-0.886293,0.000055,400.000000,0.684211,-0.001304,0.009126,0.998696,700.000000,0.000000,0.002414,-0.215443,0.990921,0.998696,0.992789,0.983775,-0.364838,0.009126,397.994975,-0.006116,1344.200506,0.000000,0.000000
57880.000000,58660.000000,530.659966,0.993435,0.933460,0.269899,-0.716089,0.000032,500.000000,0.473684,0.010545,0.022847,1.010545,1300.000000,0.000000,0.003921,-0.271867,0.977625,1.010545,1.003801,0.981341,-0.106905,0.022847,299.332591,-0.003455,578.791845,0.003490,0.000000
72580.000000,71755.000000,271.293199,1.005787,1.013956,0.977169,1.548141,0.000030,1000.000000,0.526316,0.004127,0.008253,1.004127,600.000000,0.000000,0.002085,-0.138647,0.991803,1.004127,1.008542,1.000276,0.135464,0.008253,183.303028,0.001378,430.116263,0.011080,1.000000
54620.000000,57410.000000,2564.683216,0.926401,1.736776,-0.252046,-1.567445,0.000047,-400.000000,0.315789,-0.026923,0.048077,0.973077,2500.000000,0.000000,0.004236,1.077100,0.952830,0.973077,0.970341,0.924570,2.082068,0.048077,442.718872,-0.031582,725.861557,-0.045283,0.000000
73500.000000,72600.000000,672.309453,1.017687,1.075138,1.151355,1.933633,0.000036,900.000000,0.578947,0.008086,0.014825,1.008086,1100.000000,0.000000,0.001978,0.428556,0.985314,1.008086,1.019048,1.004082,-0.388044,0.014825,448.998886,0.005782,649.519053,0.019074,1.000000
87540.000000,82690.000000,265.329983,1.000685,0.923185,0.902429,0.226134,0.000025,-200.000000,0.631579,-0.010169,0.023729,0.989831,2100.000000,0.000000,0.003416,0.210026,0.976351,0.989831,1.014393,0.990404,-0.461084,0.023729,430.813185,0.001428,238.484800,-0.002278,0.000000
71680.000000,70145.000000,386.781592,0.997489,1.023717,0.666658,-0.465379,0.000054,-300.000000,0.526316,-0.008322,0.013870,0.991678,1000.000000,0.000000,0.002543,-0.103253,0.986169,0.991678,1.008650,0.994699,-0.095362,0.013870,361.109402,-0.001744,725.861557,-0.005563,1.000000
58220.000000,58730.000000,696.850056,0.984198,1.003681,0.209943,-1.320227,0.000025,800.000000,0.473684,-0.005208,0.029514,0.994792,1700.000000,0.000000,0.004157,-0.109814,0.970690,0.994792,0.996221,0.967022,-0.383057,0.029514,715.541753,-0.008159,584.700778,-0.005208,1.000000
65020.000000,65190.000000,584.465568,0.987388,1.093385,0.117141,-1.402991,0.000053,300.000000,0.473684,-0.007728,0.013910,0.992272,900.000000,0.000000,0.002159,-0.096074,0.986175,0.992272,1.001230,0.987388,0.189749,0.013910,162.480768,-0.003460,601.560471,-0.006192,0.000000
60820.000000,61960.000000,354.400903,0.998027,0.916004,0.185063,-0.338600,0.000038,-1800.000000,0.473684,-0.011401,0.011401,0.988599,700.000000,0.000000,0.001973,-0.026065,0.988599,0.988599,1.009536,0.998027,-0.163503,0.011401,222.710575,0.000411,664.736790,-0.013008,0.000000
72280.000000,71980.000000,932.523458,0.982291,0.835146,0.249896,-1.372620,0.000067,-400.000000,0.368421,-0.001406,0.009845,0.998594,700.000000,0.000000,0.001988,-0.179744,0.990210,0.998594,0.989209,0.979524,-0.387205,0.009845,360.000000,-0.008301,458.257569,-0.009763,0.000000
84040.000000,84825.000000,1647.543626,0.975726,0.891681,0.209607,-1.238207,0.000073,-2800.000000,0.473684,-0.010856,0.016888,0.989144,1400.000000,0.000000,0.003491,-0.187207,0.983193,0.989144,0.991195,0.974536,-0.314812,0.016888,655.438784,-0.014576,1287.196566,-0.022646,0.000000
73620.000000,73750.000000,691.086102,1.001087,1.097152,0.484746,0.115760,0.000037,-2700.000000,0.473684,-0.012064,0.014745,0.987936,1100.000000,0.000000,0.002695,0.212289,0.985294,0.987936,1.016028,1.001087,0.477439,0.014745,224.499443,0.002717,956.556323,-0.016021,0.000000
73480.000000,73265.000000,676.461381,1.011159,1.412412,0.913656,1.212190,0.000049,-600.000000,0.526316,-0.001344,0.012097,0.998656,900.000000,0.000000,0.002658,0.420876,0.987919,0.998656,1.013881,1.001633,0.169899,0.012097,268.328157,0.003402,715.891053,0.002699,0.000000
62840.000000,61260.000000,1281.561547,1.010503,1.045544,0.817322,0.514997,0.000061,900.000000,0.684211,0.004747,0.020570,1.004747,1300.000000,0.000000,0.002705,0.441861,0.979656,1.004747,1.016868,0.996181,0.241245,0.020570,552.810998,-0.004376,1597.458920,0.027508,1.000000
78580.000000,78165.000000,978.570386,0.996437,0.574417,0.509636,-0.286132,0.000106,-1200.000000,0.578947,0.005135,0.010270,1.005135,800.000000,0.000000,0.003460,-0.622096,0.989822,1.005135,1.000255,0.990074,-0.410728,0.010270,492.341345,0.003500,1804.681412,-0.007605,1.000000
62780.000000,61995.000000,874.985714,1.005097,0.758144,0.708559,0.365720,0.000071,900.000000,0.684211,0.004777,0.014331,1.004777,900.000000,0.000000,0.002585,-0.206566,0.985782,1.004777,1.008283,0.993947,-0.474228,0.014331,209.761770,-0.001593,1266.885946,0.019386,0.000000
76140.000000,73965.000000,2845.768789,1.036249,0.901054,1.116469,0.969861,0.000050,-2800.000000,0.578947,-0.008794,0.026382,0.991206,2100.000000,0.000000,0.003405,0.314744,0.973717,0.991206,1.049383,1.021802,1.319788,0.026382,1100.181803,0.020029,1832.177666,-0.005044,0.000000
70500.000000,71425.000000,663.324958,1.001418,0.957329,0.324293,0.150756,0.000036,-3000.000000,0.263158,-0.016713,0.032033,0.983287,2300.000000,0.000000,0.002431,0.338213,0.968232,0.983287,1.026950,0.994326,0.447296,0.032033,767.854153,0.000709,1119.151464,-0.015342,0.000000
60660.000000,58555.000000,257.681975,1.007254,0.762644,0.855593,1.707531,0.000015,0.000000,0.526316,-0.003263,0.013051,0.996737,800.000000,0.000000,0.002115,-0.204820,0.987013,0.996737,1.015496,1.002308,-0.324353,0.013051,209.761770,0.002885,129.903811,0.004934,0.000000
63000.000000,62480.000000,141.421356,1.003175,0.850613,0.658260,1.414214,0.000035,200.000000,0.631579,-0.006289,0.011006,0.993711,700.000000,0.000000,0.002464,-0.379628,0.989045,0.993711,1.014286,1.003175,-0.254548,0.011006,146.969385,0.000397,192.028644,0.004769,0.000000
73360.000000,73230.000000,757.891813,0.992366,0.678456,0.336652,-0.738892,0.000052,2500.000000,0.526316,0.002755,0.006887,1.002755,500.000000,0.000000,0.002713,-0.288610,0.993151,1.002755,0.995093,0.988277,-0.114613,0.006887,382.622529,-0.001704,1103.120574,0.006916,1.000000
83420.000000,80460.000000,2135.790252,1.044114,1.804538,1.110006,1.723016,0.000044,-300.000000,0.684211,0.017523,0.022196,1.017523,1900.000000,0.000000,0.003389,1.263515,0.978186,1.017523,1.044114,1.021338,3.046158,0.022196,545.527268,0.015883,1329.238504,0.029551,1.000000
63580.000000,61985.000000,893.084542,1.022334,1.838146,0.958779,1.589995,0.000080,4300.000000,0.684211,0.018809,0.021944,1.018809,1400.000000,0.000000,0.002170,1.121110,0.978528,1.018809,1.025480,1.003460,1.294815,0.021944,280.000000,0.007471,1523.769996,0.043339,1.000000
68940.000000,68705.000000,1142.978565,1.008123,0.997493,0.638933,0.489948,0.000083,-2100.000000,0.315789,-0.002869,0.008608,0.997131,600.000000,0.000000,0.002573,-0.089609,0.991429,0.997131,1.015376,1.006672,0.438183,0.008608,688.767014,0.005440,1279.404158,-0.014184,0.000000
57660.000000,60125.000000,1272.163512,0.969476,0.987907,0.000516,-1.383470,0.000047,1800.000000,0.368421,-0.001786,0.019643,0.998214,1100.000000,0.000000,0.004630,-0.065605,0.980668,0.998214,0.986819,0.967742,0.395055,0.019643,697.423831,-0.013441,1413.108276,-0.012367,1.000000
79520.000000,75310.000000,893.084542,1.016097,1.058523,0.965806,1.433235,0.000033,1100.000000,0.526316,0.017632,0.022670,1.017632,1800.000000,0.000000,0.003705,0.134003,0.977778,1.017632,1.018612,0.995976,-0.061364,0.022670,556.417110,0.005973,933.742470,0.012531,1.000000
74400.000000,72940.000000,1097.269338,1.020161,1.143633,1.128248,1.367030,0.000054,700.000000,0.684211,0.001319,0.011873,1.001319,900.000000,0.000000,0.002100,0.157882,0.988204,1.001319,1.025538,1.013441,0.497914,0.011873,193.907194,0.010081,450.000000,0.012000,1.000000
73620.000000,73635.000000,691.086102,0.990220,1.108024,0.260631,-1.041838,0.000041,400.000000,0.473684,-0.004098,0.010929,0.995902,800.000000,0.000000,0.002750,0.312368,0.989116,0.995902,0.998370,0.987503,0.826735,0.010929,193.907194,-0.001019,1042.532973,-0.010855,0.000000
82020.000000,84695.000000,1238.386046,1.013168,1.272552,0.346855,0.872103,0.000057,-3700.000000,0.473684,-0.033721,0.034884,0.966279,3000.000000,0.000000,0.003492,0.002480,0.965157,0.966279,1.049744,1.013168,0.440575,0.034884,1013.114011,0.006706,1411.559421,-0.009535,0.000000
62440.000000,62740.000000,847.584804,0.978539,1.046797,0.061792,-1.580963,0.000075,-400.000000,0.526316,-0.006504,0.013008,0.993496,800.000000,0.000000,0.002461,-0.185985,0.987055,0.993496,0.989750,0.976938,-0.133326,0.013008,209.761770,-0.010410,471.699057,-0.016103,1.000000
80640.000000,77480.000000,685.857128,0.999504,0.804680,0.828626,-0.058321,0.000059,2200.000000,0.526316,0.011292,0.017566,1.011292,1400.000000,0.000000,0.003695,-0.299427,0.982695,1.011292,1.003224,0.985863,-0.151221,0.017566,427.083130,0.002480,1104.536102,0.007500,1.000000
68420.000000,68200.000000,1151.347037,1.017246,0.793095,0.794232,1.024886,0.000051,-1200.000000,0.473684,-0.001435,0.010043,0.998565,700.000000,0.000000,0.002438,-0.290710,0.990028,0.998565,1.026016,1.015785,0.018045,0.010043,386.781592,0.008404,858.414236,-0.001435,1.000000
73040.000000,73635.000000,224.499443,1.004929,1.373864,0.427033,1.603567,0.000012,-100.000000,0.526316,0.011019,0.019284,1.011019,1400.000000,0.000000,0.002635,0.345990,0.980926,1.011019,1.004929,0.985761,0.305158,0.019284,244.948974,0.001711,147.901995,0.002732,1.000000
60040.000000,60695.000000,744.580419,1.002665,0.844432,0.362962,0.214886,0.000077,-2500.000000,0.421053,-0.014730,0.016367,0.985270,1000.000000,0.000000,0.002008,-0.197824,0.983660,0.985270,1.019320,1.002665,-0.208221,0.016367,219.089023,0.004997,930.053762,-0.017945,1.000000
69060.000000,69940.000000,377.359245,0.993339,1.127359,0.246503,-1.218998,0.000041,-1400.000000,0.421053,-0.020000,0.022857,0.980000,1600.000000,0.000000,0.002461,-0.105258,0.977143,0.980000,1.013611,0.990443,0.208816,0.022857,344.093011,-0.003620,559.016994,-0.011527,0.000000
66760.000000,73400.000000,1349.962962,0.993110,1.240542,0.126841,-0.340750,0.000038,2700.000000,0.263158,0.004545,0.021212,1.004545,1400.000000,0.000000,0.003088,0.946359,0.978979,1.004545,0.997603,0.976633,0.886423,0.021212,162.480768,-0.009736,1184.271928,0.021572,0.000000
71800.000000,72005.000000,477.493455,0.995822,0.900331,0.341251,-0.628281,0.000071,-700.000000,0.473684,-0.004178,0.011142,0.995822,800.000000,0.000000,0.001822,-0.185339,0.988873,0.995822,1.001393,0.990251,-0.102243,0.011142,257.681975,-0.001741,798.044485,-0.002789,1.000000
74500.000000,73795.000000,565.685425,1.006711,0.974627,0.768537,0.883883,0.000048,500.000000,0.578947,0.005362,0.016086,1.005362,1200.000000,0.000000,0.003013,-0.078963,0.984106,1.005362,1.013423,0.997315,-0.166721,0.016086,101.980390,0.004698,901.387819,0.008065,0.000000
73260.000000,73180.000000,791.454357,0.993721,0.880992,0.354036,-0.581209,0.000040,-500.000000,0.526316,0.006916,0.017981,1.006916,1300.000000,0.000000,0.002735,-0.058221,0.982192,1.006916,0.996451,0.978706,0.008721,0.017981,361.109402,-0.004436,983.298022,0.000000,1.000000
75400.000000,77780.000000,1751.570724,0.974801,0.888943,-0.032833,-1.084741,0.000039,1700.000000,0.263158,-0.013423,0.016107,0.986577,1200.000000,0.000000,0.003527,0.244335,0.983936,0.986577,0.990716,0.974801,-0.402198,0.016107,1085.172797,-0.012268,1160.549439,0.000000,1.000000
62920.000000,62780.000000,511.468474,0.994914,0.935844,0.451520,-0.625650,0.000069,-2600.000000,0.631579,-0.004769,0.014308,0.995231,900.000000,0.000000,0.002517,-0.281958,0.985782,0.995231,1.006039,0.991736,0.005676,0.014308,456.070170,-0.001192,1063.896142,-0.017268,1.000000
61380.000000,60635.000000,1105.260150,1.026393,1.508764,1.149265,1.465718,0.000064,-500.000000,0.578947,0.004785,0.015949,1.004785,1000.000000,0.000000,0.002053,0.491062,0.984202,1.004785,1.031281,1.014989,0.900456,0.015949,384.707681,0.011404,393.700394,0.011236,0.000000
60060.000000,61880.000000,700.285656,0.994006,0.974669,0.223340,-0.514076,0.000032,1700.000000,0.368421,0.005051,0.016835,1.005051,1000.000000,0.000000,0.005078,-0.228983,0.983361,1.005051,1.000666,0.984016,-0.211015,0.016835,340.587727,0.001665,1065.363788,0.003361,0.000000
57620.000000,58545.000000,577.581163,0.989240,0.806037,0.203102,-1.073442,0.000029,-700.000000,0.421053,-0.017241,0.022414,0.982759,1300.000000,0.000000,0.003789,-0.386478,0.977702,0.982759,1.011801,0.989240,-0.109678,0.022414,280.000000,-0.007376,465.698400,-0.008696,0.000000
58980.000000,59050.000000,444.522215,0.995253,0.656640,0.431496,-0.629890,0.000029,1300.000000,0.473684,0.001706,0.017065,1.001706,1000.000000,0.000000,0.004349,-0.399638,0.983165,1.001706,1.007121,0.990166,-0.450570,0.017065,713.862732,-0.003815,506.828373,0.006861,0.000000
86840.000000,83755.000000,1281.561547,1.009903,0.733545,0.839754,0.671056,0.000061,-1300.000000,0.631579,0.009206,0.014960,1.009206,1300.000000,0.000000,0.003504,-0.227089,0.985227,1.009206,1.013358,0.998388,-0.092465,0.014960,787.400787,-0.000288,2035.159699,0.011534,0.000000
64100.000000,62270.000000,1174.734012,1.024961,1.151370,0.986158,1.362010,0.000071,-2000.000000,0.736842,0.013889,0.024691,1.013889,1600.000000,0.000000,0.002220,0.416768,0.975867,1.013889,1.034321,1.009360,0.688516,0.024691,348.711915,0.008190,1527.047805,0.010769,1.000000
59680.000000,61255.000000,702.566723,0.988606,0.904697,0.172850,-0.967880,0.000025,300.000000,0.368421,0.000000,0.018644,1.000000,1100.000000,0.000000,0.004843,-0.359670,0.981544,1.000000,0.998660,0.980228,-0.184913,0.018644,162.480768,-0.008378,628.490254,-0.003378,0.000000
62660.000000,62855.000000,567.802783,0.991063,0.656576,0.281974,-0.986258,0.000074,-700.000000,0.578947,-0.009569,0.012759,0.990431,800.000000,0.000000,0.002502,-0.486761,0.987261,0.990431,1.002234,0.989467,-0.419671,0.012759,386.781592,-0.000399,978.199877,-0.009569,0.000000
62480.000000,62240.000000,611.228272,1.005122,0.735185,0.612874,0.523536,0.000063,-100.000000,0.631579,0.003195,0.009585,1.003195,600.000000,0.000000,0.002538,-0.380663,0.990476,1.003195,1.008323,0.998720,-0.395817,0.009585,257.681975,0.004802,552.268051,-0.003175,1.000000
65480.000000,64450.000000,160.000000,1.003360,0.899438,0.735656,1.375000,0.000020,600.000000,0.684211,-0.001520,0.007599,0.998480,500.000000,0.000000,0.002331,-0.242808,0.992413,0.998480,1.006414,0.998778,-0.218587,0.007599,265.329983,0.001527,254.950976,0.006126,0.000000
68120.000000,69820.000000,932.523458,0.979154,0.993335,-0.089355,-1.522750,0.000041,100.000000,0.315789,-0.008915,0.010401,0.991085,700.000000,0.000000,0.002456,0.098548,0.989614,0.991085,0.989430,0.979154,0.185959,0.010401,305.941171,-0.009909,277.263413,-0.011852,0.000000
72460.000000,75115.000000,1020.979921,0.989511,1.094646,0.122407,-0.744383,0.000055,2300.000000,0.473684,0.001397,0.018156,1.001397,1300.000000,0.000000,0.003078,-0.028435,0.981944,1.001397,0.993652,0.975711,0.369237,0.018156,495.580468,-0.004830,1105.667219,0.009859,1.000000
60740.000000,62120.000000,300.665928,0.996049,0.907950,0.106741,-0.798228,0.000036,-500.000000,0.473684,-0.008197,0.011475,0.991803,700.000000,0.000000,0.002020,-0.111923,0.988562,0.991803,1.007573,0.996049,0.039121,0.011475,293.938769,-0.003293,393.700394,-0.004934,1.000000
65900.000000,65190.000000,1368.210510,1.037936,1.540841,1.309451,1.827204,0.000077,1000.000000,0.526316,0.008850,0.013274,1.008850,900.000000,0.000000,0.002074,0.643502,0.986842,1.008850,1.037936,1.024279,1.490124,0.013274,215.406592,0.014795,928.372231,0.033233,1.000000
74320.000000,75965.000000,1244.829306,0.975511,1.133061,0.093416,-1.462048,0.000074,-2000.000000,0.526316,-0.021592,0.024291,0.978408,1800.000000,0.000000,0.002761,-0.010207,0.975774,0.978408,0.999731,0.975511,0.665687,0.024291,312.409987,-0.013119,1190.325586,-0.025538,0.000000
80860.000000,77845.000000,557.135531,1.005442,0.982257,0.831807,0.789754,0.000036,300.000000,0.578947,0.014981,0.018727,1.014981,1500.000000,0.000000,0.003482,-0.144410,0.981572,1.014981,1.006678,0.988128,-0.123500,0.018727,331.058907,-0.000928,892.678554,0.006188,1.000000
67500.000000,69065.000000,1109.954954,1.007407,0.549256,0.337097,0.450469,0.000051,-1600.000000,0.368421,0.000000,0.011765,1.000000,800.000000,0.000000,0.002574,-0.367180,0.988321,1.000000,1.014815,1.002963,-0.324084,0.011765,260.768096,0.007407,961.769203,-0.013062,0.000000
72900.000000,73345.000000,554.977477,0.993141,0.575803,0.180122,-0.900937,0.000056,-2000.000000,0.421053,-0.006859,0.010974,0.993141,800.000000,0.000000,0.002695,-0.394547,0.989056,0.993141,1.002743,0.991770,-0.500618,0.010974,146.969385,-0.004458,825.757228,-0.012278,1.000000
71700.000000,67830.000000,517.687164,1.000000,0.684584,0.841933,0.000000,0.000056,-1800.000000,0.526316,-0.013755,0.017882,0.986245,1300.000000,0.000000,0.002311,-0.080239,0.982118,0.986245,1.013947,0.995816,-0.538273,0.017882,303.315018,-0.002092,852.936105,-0.006925,0.000000
77260.000000,75060.000000,1182.539640,0.990163,0.723675,0.661249,-0.642685,0.000055,-100.000000,0.684211,-0.006494,0.014286,0.993506,1100.000000,0.000000,0.002438,-0.238246,0.985806,0.993506,1.003106,0.988869,-0.353157,0.014286,386.781592,-0.010031,1063.896142,-0.001305,0.000000
72600.000000,70040.000000,228.035085,1.002755,0.716006,0.849198,0.877058,0.000038,-100.000000,0.578947,-0.004104,0.009576,0.995896,700.000000,0.000000,0.002207,-0.262849,0.990463,0.995896,1.011019,1.001377,-0.517940,0.009576,80.000000,0.002066,320.156212,0.001376,1.000000
78140.000000,78445.000000,1406.556078,1.009726,0.753930,0.530586,0.540327,0.000102,2500.000000,0.578947,-0.007547,0.013836,0.992453,1100.000000,0.000000,0.003527,-0.492527,0.986216,0.992453,1.021244,1.007167,-0.003026,0.013836,448.998886,0.008958,1747.855829,0.007663,0.000000
77300.000000,79850.000000,517.687164,1.003881,0.837917,0.327421,0.579501,0.000027,-900.000000,0.315789,-0.017722,0.018987,0.982278,1500.000000,0.000000,0.003591,-0.386439,0.981013,0.982278,1.021992,1.002587,0.031066,0.018987,209.761770,0.002911,460.298816,-0.005128,1.000000
68540.000000,70035.000000,618.384993,0.984826,1.560084,-0.058359,-1.681800,0.000035,-700.000000,0.368421,0.001484,0.014837,1.001484,1000.000000,0.000000,0.002570,0.522417,0.985229,1.001484,0.987744,0.973154,1.360227,0.014837,332.264955,-0.004742,597.390157,-0.013158,0.000000
71560.000000,70885.000000,257.681975,0.997764,0.900308,0.601745,-0.620920,0.000025,800.000000,0.473684,0.009901,0.014144,1.009901,1000.000000,0.000000,0.002480,-0.219481,0.985994,1.009901,0.997764,0.983790,-0.078396,0.014144,97.979590,-0.001747,383.242743,0.002809,0.000000
80060.000000,77160.000000,1248.358923,1.019236,0.997341,1.002196,1.233620,0.000059,-1000.000000,0.526316,0.001227,0.012270,1.001227,1000.000000,0.000000,0.003806,-0.107092,0.987835,1.001227,1.026730,1.014239,-0.115050,0.012270,318.747549,0.006245,1250.999600,0.004926,0.000000
61620.000000,59295.000000,1008.761617,1.028887,1.385885,0.951280,1.764540,0.000061,1300.000000,0.631579,-0.001575,0.011024,0.998425,700.000000,0.000000,0.002222,0.268080,0.989011,0.998425,1.033755,1.022395,0.711111,0.011024,178.885438,0.009737,833.666600,0.025890,1.000000
61040.000000,60585.000000,763.151361,1.020642,1.363901,1.035822,1.651049,0.000082,400.000000,0.526316,0.028053,0.028053,1.028053,1700.000000,0.000000,0.002010,0.282054,0.972713,1.028053,1.020642,0.992792,0.091621,0.028053,402.988834,0.004096,873.212460,0.019640,1.000000
67200.000000,67555.000000,517.687164,0.998512,0.993701,0.377303,-0.193167,0.000061,300.000000,0.315789,-0.002972,0.008915,0.997028,600.000000,0.000000,0.001928,-0.202330,0.991137,0.997028,1.007440,0.998512,-0.389727,0.008915,109.544512,-0.004092,521.416340,0.004491,0.000000
81780.000000,81705.000000,2035.092136,0.964784,0.913048,0.221465,-1.415169,0.000046,1100.000000,0.368421,-0.022305,0.023544,0.977695,1900.000000,0.000000,0.004511,-0.160382,0.976485,0.977695,0.988017,0.964784,-0.114589,0.023544,162.480768,-0.015896,651.920241,-0.013750,1.000000
77860.000000,77605.000000,958.331884,0.977395,1.513681,0.385609,-1.836525,0.000066,-1000.000000,0.473684,-0.025608,0.028169,0.974392,2200.000000,0.000000,0.003305,-0.206397,0.971867,0.974392,1.004367,0.976111,0.465385,0.028169,503.587132,-0.008990,574.456265,-0.020592,0.000000
73400.000000,73475.000000,898.888202,0.998638,0.982712,0.444477,-0.111249,0.000054,1800.000000,0.421053,0.006868,0.010989,1.006868,800.000000,0.000000,0.002752,0.172990,0.989101,1.006868,1.000000,0.989101,-0.169713,0.010989,135.646600,-0.005450,886.002257,0.015235,0.000000
62680.000000,62125.000000,813.387976,1.005105,0.873624,0.669738,0.393416,0.000059,-1300.000000,0.631579,0.000000,0.015873,1.000000,1000.000000,0.000000,0.002562,-0.204693,0.984202,1.000000,1.009892,0.993937,-0.199395,0.015873,185.472370,-0.003191,1246.996391,-0.001585,0.000000
62820.000000,68740.000000,370.944740,0.990131,0.861463,0.170542,-1.671408,0.000020,-1600.000000,0.263158,-0.025078,0.031348,0.974922,2000.000000,0.000000,0.004086,0.174738,0.968847,0.974922,1.021968,0.990131,-0.420023,0.031348,440.908154,-0.003582,576.085931,-0.015823,1.000000
72500.000000,71935.000000,695.701085,0.993103,0.936831,0.515948,-0.718699,0.000053,-1200.000000,0.473684,-0.016393,0.020492,0.983607,1500.000000,0.000000,0.001999,-0.019940,0.979592,0.983607,1.013793,0.993103,0.127445,0.020492,293.938769,0.000345,993.415824,-0.017735,0.000000
72040.000000,75555.000000,2204.177851,0.957801,1.305649,-0.083208,-1.379199,0.000059,1500.000000,0.473684,-0.015692,0.031384,0.984308,2200.000000,0.000000,0.002535,0.697152,0.969101,0.984308,0.988340,0.957801,0.570238,0.031384,462.168800,-0.018393,980.752262,-0.014286,0.000000
60960.000000,58895.000000,361.109402,1.008858,1.128019,0.828576,1.495392,0.000042,1700.000000,0.526316,0.016529,0.018182,1.016529,1100.000000,0.000000,0.002173,-0.012478,0.982114,1.016529,1.008858,0.990814,0.023833,0.018182,135.646600,0.002871,621.992765,0.018212,1.000000
62740.000000,62360.000000,431.740663,1.002550,0.909168,0.614325,0.370593,0.000032,300.000000,0.631579,0.000000,0.011129,1.000000,700.000000,0.000000,0.002493,-0.278912,0.988889,1.000000,1.004144,0.992987,-0.259517,0.011129,146.969385,0.003985,559.016994,0.001592,1.000000
72760.000000,75175.000000,972.830921,0.975811,0.934356,0.022144,-1.809153,0.000035,-300.000000,0.473684,-0.028728,0.031464,0.971272,2300.000000,0.000000,0.003010,0.262463,0.968622,0.971272,1.007422,0.975811,-0.606809,0.031464,532.916504,-0.007559,960.468636,-0.022039,1.000000
65740.000000,63235.000000,392.937654,1.005476,0.814069,0.903736,0.916176,0.000041,0.000000,0.736842,0.007622,0.010671,1.007622,700.000000,0.000000,0.002331,0.084653,0.989410,1.007622,1.005476,0.994828,-0.450759,0.010671,354.400903,0.004183,248.746859,0.001515,0.000000
73000.000000,72420.000000,303.315018,1.001370,1.833819,0.774838,0.329690,0.000040,1000.000000,0.526316,-0.013495,0.024291,0.986505,1800.000000,0.000000,0.001911,1.415884,0.975774,0.986505,1.017808,0.993151,1.538578,0.024291,470.744092,0.001712,481.534007,0.004121,1.000000
68420.000000,70450.000000,462.168800,1.007015,1.145450,0.250519,1.038582,0.000053,2200.000000,0.315789,0.013235,0.025000,1.013235,1700.000000,0.000000,0.002556,0.131198,0.975575,1.013235,1.017246,0.992400,-0.140758,0.025000,312.409987,0.000365,834.790393,0.019231,0.000000
65620.000000,63945.000000,386.781592,0.999695,0.992394,0.776976,-0.051709,0.000023,100.000000,0.736842,-0.004552,0.018209,0.995448,1200.000000,0.000000,0.002435,0.018363,0.981818,0.995448,1.005791,0.987504,-0.014596,0.018209,313.687743,-0.001524,524.404424,0.004594,0.000000
72120.000000,71600.000000,563.560112,1.008042,0.836350,0.967514,1.029171,0.000042,-100.000000,0.526316,0.001377,0.009642,1.001377,700.000000,0.000000,0.002235,-0.341626,0.990371,1.001377,1.008042,0.998336,-0.230296,0.009642,307.245830,0.004853,269.258240,0.001377,0.000000
77540.000000,81480.000000,1570.477634,0.973691,0.751796,-0.015928,-1.298968,0.000047,900.000000,0.315789,-0.011780,0.017016,0.988220,1300.000000,0.000000,0.004191,-0.251871,0.983073,0.988220,0.990457,0.973691,-0.172209,0.017016,412.795349,-0.010962,1025.914226,-0.007884,1.000000
72260.000000,71855.000000,598.665182,0.985331,1.058476,0.332828,-1.770606,0.000051,-2000.000000,0.526316,-0.015214,0.016598,0.984786,1200.000000,0.000000,0.001891,0.074464,0.983425,0.984786,1.001937,0.985331,0.306524,0.016598,249.799920,-0.005190,775.806032,-0.019284,1.000000
61100.000000,62320.000000,540.370243,0.991817,1.139458,0.047393,-0.925292,0.000058,900.000000,0.526316,-0.003289,0.014803,0.996711,900.000000,0.000000,0.002172,0.058013,0.985342,0.996711,1.004910,0.990180,0.146899,0.014803,231.516738,-0.002046,686.931583,0.001653,1.000000
67200.000000,67755.000000,517.687164,0.994048,0.978664,0.300867,-0.772667,0.000064,300.000000,0.263158,-0.001495,0.008969,0.998505,600.000000,0.000000,0.001954,-0.218722,0.991071,0.998505,1.000000,0.991071,-0.045553,0.008969,116.619038,-0.001116,788.590515,0.000000,1.000000
70440.000000,71505.000000,665.131566,1.017888,1.231034,0.541688,1.894362,0.000033,2100.000000,0.315789,0.025751,0.034335,1.025751,2400.000000,0.000000,0.002366,0.717471,0.966527,1.025751,1.017888,0.983816,0.467801,0.034335,767.854153,0.004969,912.414380,0.027221,0.000000
62100.000000,62645.000000,569.209979,0.998390,1.157262,0.322628,-0.175682,0.000066,1900.000000,0.526316,0.004862,0.016207,1.004862,1000.000000,0.000000,0.002459,-0.111228,0.984000,1.004862,1.006441,0.990338,0.209043,0.016207,149.666295,-0.002415,722.841615,0.014730,0.000000
63040.000000,59920.000000,1200.999584,1.024746,1.315286,0.939725,1.298918,0.000059,200.000000,0.684211,0.003106,0.017081,1.003106,1100.000000,0.000000,0.002345,0.340297,0.983077,1.003106,1.031091,1.013642,0.464668,0.017081,241.660919,0.012294,496.865173,0.010955,0.000000
67300.000000,73945.000000,1578.606981,0.964339,1.331875,0.000944,-1.520328,0.000038,0.000000,0.263158,-0.003072,0.019969,0.996928,1300.000000,0.000000,0.002899,1.069371,0.980153,0.996928,0.973254,0.953938,0.394092,0.019969,331.058907,-0.015230,535.607132,-0.019637,1.000000
71440.000000,71465.000000,608.604962,1.013438,0.933459,0.909223,1.577378,0.000053,500.000000,0.473684,0.009763,0.013947,1.009763,1000.000000,0.000000,0.002476,-0.286774,0.986207,1.009763,1.014838,1.000840,-0.087904,0.013947,265.329983,0.003499,694.622199,0.011173,1.000000
73120.000000,72470.000000,256.124969,0.996991,0.609060,0.664684,-0.858956,0.000026,-600.000000,0.473684,-0.005457,0.008186,0.994543,600.000000,0.000000,0.001937,-0.161808,0.991826,0.994543,1.003829,0.995624,-0.295676,0.008186,488.262225,-0.002051,415.331193,-0.005457,1.000000
62780.000000,66210.000000,1404.848746,0.976426,0.913672,0.192595,-1.053494,0.000044,2500.000000,0.210526,0.013223,0.033058,1.013223,2000.000000,0.000000,0.004703,0.014174,0.967690,1.013223,0.985983,0.954126,-0.006244,0.033058,598.665182,-0.003584,1845.772196,-0.003252,0.000000
71200.000000,71725.000000,1313.011805,0.976124,0.883064,-0.108414,-1.294733,0.000053,1300.000000,0.421053,-0.007143,0.017143,0.992857,1200.000000,0.000000,0.002023,-0.029996,0.982955,0.992857,0.988764,0.971910,0.146811,0.017143,326.190129,-0.012289,535.607132,-0.005722,1.000000
72660.000000,71820.000000,320.000000,1.004679,0.952043,0.917778,1.062500,0.000026,-800.000000,0.526316,-0.005450,0.009537,0.994550,700.000000,0.000000,0.002064,-0.171212,0.990489,0.994550,1.012937,1.003303,0.162956,0.009537,167.332005,0.001032,432.290412,0.000000,0.000000
70920.000000,69475.000000,842.377588,0.984208,0.714801,0.545105,-1.329570,0.000045,1400.000000,0.473684,-0.008523,0.017045,0.991477,1200.000000,0.000000,0.002362,-0.161884,0.983051,0.991477,0.998308,0.981387,-0.259192,0.017045,213.541565,-0.003878,978.199877,-0.005698,0.000000
60420.000000,63690.000000,832.826513,0.974843,1.410375,0.066217,-1.825110,0.000021,-700.000000,0.210526,-0.019967,0.021631,0.980033,1300.000000,0.000000,0.005200,0.458146,0.978405,0.980033,0.996359,0.974843,0.589624,0.021631,509.901951,-0.009930,644.204936,-0.023217,1.000000
77840.000000,78220.000000,1042.305138,0.975077,1.404561,0.081377,-1.861259,0.000057,-3000.000000,0.315789,-0.011719,0.016927,0.988281,1300.000000,0.000000,0.002997,0.558729,0.983117,0.988281,0.989209,0.972508,0.433499,0.016927,387.814389,-0.009635,1073.545528,-0.030651,1.000000
76280.000000,76955.000000,886.340792,0.992396,0.822276,0.308471,-0.654376,0.000072,-1500.000000,0.315789,-0.005256,0.013141,0.994744,1000.000000,0.000000,0.003515,-0.304355,0.986945,0.994744,1.004195,0.991085,-0.070514,0.013141,421.426150,0.000000,1336.038922,-0.020699,0.000000
66940.000000,67405.000000,135.646600,0.999402,1.694137,0.334720,-0.294884,0.000040,-500.000000,0.315789,-0.002981,0.011923,0.997019,800.000000,0.000000,0.001946,0.374303,0.988095,0.997019,1.003884,0.991933,1.270134,0.011923,109.544512,-0.000747,229.128785,-0.002981,1.000000
82000.000000,76680.000000,1757.270611,1.036585,1.461716,1.021131,1.707193,0.000048,3400.000000,0.578947,0.025332,0.025332,1.025332,2100.000000,0.000000,0.003877,0.602191,0.975294,1.025332,1.036585,1.010976,1.127909,0.025332,444.522215,0.015854,1220.655562,0.036585,0.000000
75320.000000,76170.000000,978.570386,0.986458,1.171418,0.300241,-1.042337,0.000074,2700.000000,0.526316,-0.001344,0.012097,0.998656,900.000000,0.000000,0.003192,-0.141533,0.988000,0.998656,0.995751,0.983802,0.044876,0.012097,492.341345,-0.005975,1171.537451,0.004054,1.000000
68260.000000,70255.000000,440.908154,0.996191,0.780945,0.148306,-0.589692,0.000058,-2200.000000,0.263158,-0.004392,0.010249,0.995608,700.000000,0.000000,0.002521,-0.320371,0.989781,0.995608,1.003516,0.993261,-0.172561,0.010249,430.813185,-0.001099,912.071817,-0.013062,0.000000
78120.000000,78090.000000,526.877595,0.994624,1.089651,0.434678,-0.797149,0.000040,-200.000000,0.315789,-0.005122,0.017926,0.994878,1400.000000,0.000000,0.003019,0.083205,0.982211,0.994878,1.007424,0.989503,-0.069952,0.017926,463.033476,-0.001600,944.391338,-0.008929,1.000000
76000.000000,76610.000000,1191.637529,0.973684,1.342480,0.261898,-1.678363,0.000087,-3000.000000,0.473684,0.005435,0.016304,1.005435,1200.000000,0.000000,0.003230,-0.124366,0.983936,1.005435,0.982895,0.967105,0.792349,0.016304,492.341345,-0.012171,1156.233108,-0.031414,1.000000
76860.000000,77105.000000,968.710483,0.994015,0.904387,0.443061,-0.474858,0.000057,900.000000,0.473684,0.007916,0.013193,1.007916,1000.000000,0.000000,0.003262,-0.497087,0.986911,1.007916,0.994015,0.981004,0.201913,0.013193,495.580468,-0.006180,785.413904,0.007916,0.000000
67960.000000,68055.000000,1042.305138,1.025603,1.236986,0.846522,1.669377,0.000057,-600.000000,0.473684,-0.004286,0.008571,0.995714,600.000000,0.000000,0.002486,0.101590,0.991429,0.995714,1.030018,1.021189,0.442473,0.008571,407.921561,0.008829,839.642781,0.016035,0.000000
71680.000000,71580.000000,762.627039,1.012835,0.868689,0.958289,1.206356,0.000055,-600.000000,0.473684,0.001379,0.008276,1.001379,600.000000,0.000000,0.002391,-0.338507,0.991736,1.001379,1.012835,1.004464,-0.111381,0.008276,299.332591,0.007324,277.263413,0.002762,1.000000
72000.000000,72240.000000,684.105255,1.013889,0.989437,0.799519,1.461763,0.000072,-700.000000,0.526316,0.002747,0.010989,1.002747,800.000000,0.000000,0.001837,-0.100816,0.989041,1.002747,1.013889,1.002778,-0.186956,0.010989,224.499443,0.006250,460.977223,0.005510,1.000000
67300.000000,69160.000000,442.718872,0.991085,1.010867,0.078945,-1.355262,0.000041,0.000000,0.263158,0.006033,0.012066,1.006033,800.000000,0.000000,0.002475,-0.270523,0.988024,1.006033,0.992571,0.980684,0.053909,0.012066,213.541565,-0.004829,108.972474,-0.004478,0.000000
81480.000000,84770.000000,1238.386046,1.029701,1.271983,0.415639,1.954156,0.000067,3100.000000,0.526316,0.033251,0.036946,1.033251,3000.000000,0.000000,0.003685,-0.056926,0.964243,1.033251,1.029701,0.992882,0.020691,0.036946,830.903123,0.010739,1196.609794,0.035802,0.000000
67160.000000,67905.000000,553.534100,0.994640,0.607350,0.280121,-0.650366,0.000063,800.000000,0.315789,0.000000,0.007485,1.000000,500.000000,0.000000,0.001987,-0.508967,0.992537,1.000000,0.997618,0.990173,-0.445286,0.007485,331.058907,0.000744,829.156198,-0.004471,1.000000
69300.000000,69850.000000,389.871774,1.001443,1.192078,0.423124,0.256495,0.000035,700.000000,0.473684,0.013139,0.017518,1.013139,1200.000000,0.000000,0.002427,-0.062514,0.982783,1.013139,1.005772,0.988456,0.149095,0.017518,233.238076,-0.001443,463.680925,0.008721,0.000000
74600.000000,73840.000000,424.264069,0.993298,1.211075,0.558292,-1.178511,0.000048,-1500.000000,0.578947,-0.012000,0.021333,0.988000,1600.000000,0.000000,0.002704,0.289171,0.978723,0.988000,1.008043,0.986595,0.391473,0.021333,141.421356,-0.003686,649.519053,-0.012000,1.000000
65040.000000,65045.000000,728.285658,1.017835,1.326985,0.929739,1.592782,0.000055,1600.000000,0.473684,0.003030,0.007576,1.003030,500.000000,0.000000,0.001990,0.215093,0.992447,1.003030,1.017835,1.010148,0.659978,0.007576,231.516738,0.008072,605.702072,0.018462,1.000000
79800.000000,83520.000000,4466.318394,0.894737,2.019207,-0.285501,-1.880744,0.000115,-4700.000000,0.368421,-0.069100,0.087353,0.930900,6700.000000,0.000000,0.003581,1.554469,0.912874,0.930900,0.963659,0.879699,3.146568,0.087353,1940.515395,-0.030075,4046.603514,-0.103015,1.000000
67240.000000,69180.000000,1114.629983,1.024688,1.017408,0.457222,1.489283,0.000046,-1100.000000,0.421053,0.004373,0.021866,1.004373,1500.000000,0.000000,0.002582,0.252809,0.978479,1.004373,1.036585,1.014277,0.198846,0.021866,299.332591,0.008180,890.224691,0.010264,0.000000
65260.000000,65135.000000,382.622529,0.997548,0.724793,0.490094,-0.418167,0.000033,0.000000,0.631579,-0.007622,0.015244,0.992378,1000.000000,0.000000,0.002444,-0.328990,0.984779,0.992378,1.006742,0.991419,-0.337529,0.015244,340.587727,0.001915,491.807889,-0.004587,1.000000
73700.000000,75315.000000,576.194412,1.002714,0.507303,0.321767,0.347105,0.000032,900.000000,0.526316,0.009563,0.010929,1.009563,800.000000,0.000000,0.003056,-0.275836,0.989189,1.009563,1.004071,0.993216,-0.492209,0.010929,957.914401,-0.002714,681.909085,0.010944,0.000000
86620.000000,84030.000000,1188.949116,1.000924,0.822410,0.729517,0.067286,0.000070,-2000.000000,0.578947,-0.004592,0.018370,0.995408,1600.000000,0.000000,0.003454,-0.117910,0.981818,0.995408,1.015932,0.997460,-0.263037,0.018370,646.838465,-0.002598,2081.315690,-0.011403,1.000000
70200.000000,68755.000000,579.655070,0.995726,0.816220,0.727983,-0.517549,0.000044,-1000.000000,0.368421,-0.019635,0.023843,0.980365,1700.000000,0.000000,0.002378,-0.091238,0.976190,0.980365,1.017094,0.992877,-0.210931,0.023843,460.434577,0.000712,820.060973,-0.014104,1.000000
70900.000000,71700.000000,1001.998004,1.008463,0.891614,0.445250,0.598804,0.000081,2400.000000,0.473684,0.018519,0.019943,1.018519,1400.000000,0.000000,0.002014,0.012785,0.980420,1.018519,1.008463,0.988717,-0.010821,0.019943,236.643191,-0.001763,1336.740439,0.028777,1.000000
72780.000000,75180.000000,1364.404632,1.026381,1.271503,0.446170,1.407207,0.000081,2300.000000,0.473684,0.016327,0.023129,1.016327,1700.000000,0.000000,0.003199,0.223299,0.977242,1.016327,1.026381,1.003023,0.768304,0.023129,508.330601,0.002748,1842.552577,0.041841,1.000000
74260.000000,73970.000000,788.923317,0.983033,0.821926,0.283197,-1.597113,0.000056,200.000000,0.578947,-0.016173,0.018868,0.983827,1400.000000,0.000000,0.002767,-0.145151,0.981183,0.983827,1.001885,0.983033,-0.147638,0.018868,370.944740,-0.006733,930.053762,-0.013514,0.000000
70380.000000,69175.000000,292.574777,1.005968,0.890842,0.797887,1.435530,0.000039,500.000000,0.421053,-0.002817,0.007042,0.997183,500.000000,0.000000,0.002226,-0.280057,0.992968,0.997183,1.010230,1.003126,-0.258371,0.007042,386.781592,0.003197,204.633819,0.005682,1.000000
77160.000000,80525.000000,818.779580,1.004406,1.129455,0.281442,0.415252,0.000078,800.000000,0.315789,0.006494,0.024675,1.006494,1900.000000,0.000000,0.003888,-0.181130,0.975796,1.006494,1.017367,0.992742,-0.142521,0.024675,236.643191,-0.003564,1202.861172,0.010430,1.000000
57480.000000,59920.000000,1124.988889,1.010786,0.992053,0.283569,0.551117,0.000058,2900.000000,0.368421,0.043088,0.050269,1.043088,2800.000000,0.000000,0.004623,0.006379,0.952137,1.043088,1.017745,0.969033,0.006978,0.050269,762.627039,0.001740,1837.117307,0.039356,1.000000
70840.000000,69260.000000,700.285656,1.019198,1.652905,0.993033,1.942065,0.000041,1000.000000,0.473684,0.008380,0.009777,1.008380,700.000000,0.000000,0.002257,0.495520,0.990305,1.008380,1.019198,1.009317,0.637921,0.009777,248.193473,0.006705,562.916512,0.019774,1.000000
72720.000000,70280.000000,116.619038,1.001100,0.944584,0.814231,0.685994,0.000020,-100.000000,0.578947,0.008310,0.015235,1.008310,1100.000000,0.000000,0.002211,-0.158762,0.984932,1.008310,1.003850,0.988724,-0.299822,0.015235,160.000000,0.000000,187.082869,0.000000,0.000000
59900.000000,62140.000000,841.427359,0.993322,0.821747,0.171288,-0.475383,0.000035,-1700.000000,0.368421,0.001684,0.013468,1.001684,800.000000,0.000000,0.005182,-0.246731,0.986667,1.001684,1.001669,0.988314,-0.485150,0.013468,326.190129,0.002504,1073.545528,-0.024590,1.000000
76800.000000,73760.000000,1297.690256,1.022135,1.117825,1.087354,1.310020,0.000046,-900.000000,0.736842,0.010296,0.012870,1.010296,1000.000000,0.000000,0.002267,0.315124,0.987261,1.010296,1.022135,1.009115,0.320413,0.012870,263.818119,0.011393,334.477204,0.006410,1.000000
60420.000000,61555.000000,664.529909,0.984773,0.908548,0.054602,-1.384437,0.000046,-400.000000,0.421053,0.000000,0.010084,1.000000,600.000000,0.000000,0.001986,0.003976,0.989950,1.000000,0.988083,0.978153,-0.126783,0.010084,116.619038,-0.008275,223.606798,-0.009983,1.000000
68620.000000,70600.000000,752.063827,0.985136,1.019579,0.013336,-1.356268,0.000054,-1100.000000,0.263158,-0.020290,0.024638,0.979710,1700.000000,0.000000,0.002498,-0.016693,0.975398,0.979710,1.006995,0.982221,0.059970,0.024638,318.747549,-0.008379,496.865173,-0.013139,1.000000
76740.000000,78955.000000,1912.694435,1.045087,1.526717,0.576927,1.808966,0.000094,1900.000000,0.578947,0.010076,0.018892,1.010076,1500.000000,0.000000,0.003633,0.017158,0.981297,1.010076,1.045087,1.025541,0.346179,0.018892,292.574777,0.017918,954.921463,0.038860,0.000000
67240.000000,67935.000000,445.421149,0.994943,1.166743,0.269968,-0.763323,0.000045,-400.000000,0.368421,-0.010355,0.020710,0.989645,1400.000000,0.000000,0.002554,-0.049805,0.979502,0.989645,1.015764,0.994943,0.365498,0.020710,272.763634,-0.004090,690.561366,-0.005944,1.000000
80840.000000,77660.000000,542.586399,0.999505,0.984875,0.816584,-0.073721,0.000043,-400.000000,0.526316,0.002481,0.021092,1.002481,1700.000000,0.000000,0.003488,-0.083280,0.979218,1.002481,1.011875,0.990846,-0.210205,0.021092,440.000000,-0.001237,877.496439,0.002481,1.000000
63160.000000,66845.000000,1194.319890,0.973718,1.059413,0.179386,-1.389912,0.000047,-2200.000000,0.263158,-0.042056,0.043614,0.957944,2800.000000,0.000000,0.004606,0.189046,0.956454,0.957944,1.018049,0.973718,0.212804,0.043614,674.091982,-0.006729,1875.333304,-0.042056,0.000000
64980.000000,62925.000000,1384.774350,1.015697,0.811169,0.929954,0.736582,0.000057,-100.000000,0.736842,0.003040,0.013678,1.003040,900.000000,0.000000,0.002293,0.097305,0.986405,1.003040,1.018775,1.004925,0.001905,0.013678,303.315018,0.014235,1049.702339,0.001517,1.000000
72340.000000,71650.000000,387.814389,1.000829,1.146686,0.806800,0.154713,0.000032,-400.000000,0.526316,-0.009576,0.013680,0.990424,1000.000000,0.000000,0.002122,-0.034637,0.986376,0.990424,1.014653,1.000829,-0.008071,0.013680,183.303028,0.002765,393.700394,-0.004127,0.000000
78440.000000,81615.000000,1426.323946,0.970168,1.106221,-0.016408,-1.640581,0.000054,500.000000,0.368421,-0.016796,0.031008,0.983204,2400.000000,0.000000,0.004191,0.217870,0.969032,0.983204,0.988016,0.957420,-0.046334,0.031008,263.818119,-0.012430,1018.270593,-0.019330,0.000000
73020.000000,75195.000000,1621.604144,1.028485,1.000332,0.489339,1.282680,0.000071,-2600.000000,0.473684,-0.010540,0.013175,0.989460,1000.000000,0.000000,0.003223,0.022585,0.986842,0.989460,1.040811,1.027116,0.332847,0.013175,460.434577,0.008559,1631.525360,0.005355,1.000000
62200.000000,59595.000000,1282.185634,1.027331,1.035104,0.937758,1.325861,0.000064,-1100.000000,0.631579,0.001567,0.009404,1.001567,600.000000,0.000000,0.002277,-0.023109,0.990610,1.001567,1.027331,1.017685,0.146256,0.009404,241.660919,0.014068,511.737237,0.007886,1.000000
79820.000000,79030.000000,1393.413076,0.992233,0.962186,0.517597,-0.444951,0.000070,1100.000000,0.315789,-0.014925,0.027363,0.985075,2200.000000,0.000000,0.003492,-0.185718,0.972873,0.985075,1.016036,0.988474,0.290775,0.027363,440.908154,0.005011,1991.230775,-0.006274,0.000000
60040.000000,61525.000000,722.772440,0.986009,0.688660,0.171818,-1.162192,0.000037,-700.000000,0.368421,-0.011686,0.016694,0.988314,1000.000000,0.000000,0.004898,-0.506850,0.983361,0.988314,1.000999,0.984344,-0.309581,0.016694,348.711915,-0.006662,696.419414,-0.008375,0.000000
69380.000000,67770.000000,1950.794710,1.019026,0.659365,0.998161,0.676647,0.000057,-700.000000,0.368421,-0.002821,0.018336,0.997179,1300.000000,0.000000,0.002155,-0.041454,0.981818,0.997179,1.030556,1.011819,0.342984,0.018336,1348.480626,0.012972,1864.135188,-0.007022,0.000000
66960.000000,68325.000000,671.118469,1.018519,1.329977,0.479794,1.847662,0.000041,600.000000,0.315789,-0.001464,0.011713,0.998536,800.000000,0.000000,0.002245,0.122450,0.988355,0.998536,1.025986,1.014038,0.280924,0.011713,248.193473,0.007094,402.336923,0.016393,0.000000
67440.000000,69560.000000,989.141042,0.978648,0.878449,-0.084515,-1.455809,0.000042,100.000000,0.315789,-0.016393,0.019374,0.983607,1300.000000,0.000000,0.002357,0.022622,0.980684,0.983607,0.997924,0.978648,0.094576,0.019374,316.227766,-0.009638,269.258240,-0.010495,1.000000
68820.000000,68815.000000,1108.873302,1.024412,1.093318,0.769057,1.515051,0.000073,-1000.000000,0.368421,0.023222,0.024673,1.023222,1700.000000,0.000000,0.002632,0.049561,0.975887,1.023222,1.024412,0.999709,-0.145934,0.024673,542.586399,0.005812,1252.996409,0.015850,0.000000
62920.000000,60855.000000,1331.765745,0.982200,0.916134,0.612418,-0.840989,0.000055,3100.000000,0.684211,-0.012780,0.027157,0.987220,1700.000000,0.000000,0.002624,0.185605,0.972887,0.987220,0.996503,0.969485,0.398535,0.027157,708.237248,-0.008344,1323.584149,0.013115,1.000000
70960.000000,75330.000000,2154.622937,0.970970,0.941403,-0.012789,-0.956084,0.000055,900.000000,0.421053,-0.002894,0.024602,0.997106,1700.000000,0.000000,0.002457,0.297069,0.975610,0.997106,0.982244,0.958286,0.504765,0.024602,361.109402,-0.019377,909.326674,-0.001449,0.000000
71680.000000,70735.000000,292.574777,0.993304,0.842791,0.584913,-1.640606,0.000036,-900.000000,0.473684,-0.001403,0.011220,0.998597,800.000000,0.000000,0.002554,-0.271954,0.988842,0.998597,1.000279,0.989118,-0.160758,0.011220,178.885438,-0.002790,339.116499,-0.008357,1.000000
64560.000000,65030.000000,458.693798,1.013011,1.144063,0.645692,1.831287,0.000046,500.000000,0.473684,-0.006079,0.009119,0.993921,600.000000,0.000000,0.002016,0.025103,0.990895,0.993921,1.020756,1.011462,-0.055375,0.009119,213.541565,0.003098,494.974747,0.013953,0.000000
59780.000000,61220.000000,470.744092,0.986952,0.929750,0.046481,-1.656951,0.000041,-1500.000000,0.368421,-0.006734,0.008418,0.993266,500.000000,0.000000,0.002026,0.004242,0.991597,0.993266,0.995316,0.986952,-0.142249,0.008418,167.332005,-0.005437,553.962995,-0.016667,1.000000
80860.000000,78165.000000,557.135531,1.009152,0.716071,0.823900,1.328223,0.000039,-200.000000,0.631579,0.003690,0.013530,1.003690,1100.000000,0.000000,0.003327,-0.408862,0.986520,1.003690,1.009152,0.995548,-0.344425,0.013530,316.227766,0.004947,158.113883,0.003690,0.000000
71060.000000,69315.000000,688.767014,0.987898,0.971576,0.616170,-1.248608,0.000044,-2100.000000,0.526316,-0.015428,0.021038,0.984572,1500.000000,0.000000,0.002351,0.142722,0.979079,0.984572,1.009006,0.987898,0.372340,0.021038,313.687743,-0.001055,1013.348410,-0.025000,0.000000
61720.000000,64855.000000,1276.557872,0.988334,1.177402,0.201347,-0.564017,0.000030,1100.000000,0.210526,0.013289,0.039867,1.013289,2400.000000,0.000000,0.004957,0.185029,0.961228,1.013289,1.002916,0.964031,0.233303,0.039867,640.000000,-0.012962,1164.044673,0.006601,0.000000
82740.000000,84765.000000,1427.725464,0.971719,1.121797,0.067640,-1.638971,0.000092,300.000000,0.473684,0.000000,0.011194,1.000000,900.000000,0.000000,0.003563,-0.044475,0.988889,1.000000,0.978970,0.968093,0.094495,0.011194,503.587132,-0.012086,1111.305539,-0.019512,1.000000
69940.000000,68670.000000,873.155198,1.013726,1.078079,0.952326,1.099461,0.000053,-1300.000000,0.421053,0.004249,0.012748,1.004249,900.000000,0.000000,0.002481,0.163162,0.987306,1.004249,1.013726,1.000858,0.250701,0.012748,435.430821,0.008221,629.980158,0.000000,0.000000
76260.000000,82100.000000,4430.169297,0.979544,0.902033,0.096230,-0.352131,0.000087,1100.000000,0.473684,0.023288,0.043836,1.023288,3200.000000,0.000000,0.003923,0.396657,0.957895,1.023288,0.996591,0.954629,0.565067,0.043836,1635.359288,-0.027537,4120.072815,0.030345,0.000000
72640.000000,70565.000000,162.480768,0.996696,0.681673,0.744436,-1.477098,0.000020,-400.000000,0.526316,-0.008219,0.013699,0.991781,1000.000000,0.000000,0.002138,-0.469156,0.986339,0.991781,1.007709,0.993943,-0.410542,0.013699,160.000000,-0.000344,227.760839,-0.005495,0.000000
84680.000000,79060.000000,421.426150,0.997874,0.725304,0.806845,-0.427121,0.000045,800.000000,0.526316,-0.008216,0.017606,0.991784,1500.000000,0.000000,0.004115,-0.228513,0.982558,0.991784,1.015588,0.997874,-0.488827,0.017606,328.633535,-0.001476,840.758586,0.000000,0.000000
67360.000000,67945.000000,662.117814,1.018409,1.055482,0.644936,1.872778,0.000061,2100.000000,0.421053,0.016296,0.023704,1.016296,1600.000000,0.000000,0.002545,-0.093302,0.976778,1.016296,1.022862,0.999109,-0.112283,0.023704,337.045991,0.007052,791.754381,0.025411,1.000000
68900.000000,66220.000000,712.741187,1.020319,1.503681,1.062293,1.964247,0.000032,1200.000000,0.578947,0.007163,0.012894,1.007163,900.000000,0.000000,0.002100,0.559250,0.987216,1.007163,1.021771,1.008708,0.351009,0.012894,244.948974,0.006531,622.494980,0.021802,1.000000
77220.000000,74230.000000,2355.758901,1.012691,0.601488,0.954192,0.416002,0.000049,-300.000000,0.578947,-0.017588,0.025126,0.982412,2000.000000,0.000000,0.003426,-0.085420,0.974937,0.982412,1.033411,1.007511,0.216436,0.025126,868.562030,0.017483,1995.620204,-0.008872,1.000000
70400.000000,68405.000000,260.768096,1.001420,0.985248,0.783109,0.383482,0.000034,-800.000000,0.421053,-0.004237,0.008475,0.995763,600.000000,0.000000,0.002138,-0.084334,0.991549,0.995763,1.008523,1.000000,0.024002,0.008475,185.472370,0.001776,334.477204,-0.004237,1.000000
79380.000000,78475.000000,1090.687856,0.986395,0.742283,0.475527,-0.990201,0.000038,700.000000,0.315789,-0.003817,0.011450,0.996183,900.000000,0.000000,0.003390,-0.418741,0.988579,0.996183,0.992693,0.981356,-0.101270,0.011450,611.228272,-0.009448,550.000000,-0.001276,0.000000
66780.000000,68740.000000,342.928564,0.997305,0.887343,0.158855,-0.524891,0.000027,700.000000,0.263158,0.000000,0.012012,1.000000,800.000000,0.000000,0.002435,-0.331312,0.988077,1.000000,1.004792,0.992812,0.039319,0.012012,80.000000,-0.002621,277.263413,0.004525,1.000000
60760.000000,58720.000000,272.763634,0.994075,0.964238,0.721402,-1.319824,0.000022,-500.000000,0.526316,-0.004942,0.018122,0.995058,1100.000000,0.000000,0.002152,-0.098361,0.981967,0.995058,1.003950,0.985846,-0.280609,0.018122,193.907194,-0.000411,369.966215,-0.009836,1.000000
70740.000000,67160.000000,1170.640850,1.002262,0.721964,0.866135,0.136677,0.000051,400.000000,0.526316,0.000000,0.014104,1.000000,1000.000000,0.000000,0.002259,0.087857,0.986034,1.000000,1.012157,0.998021,0.030787,0.014104,215.406592,0.007422,1245.742750,-0.007003,1.000000
81700.000000,79610.000000,126.491106,1.001224,0.979060,0.755582,0.790569,0.000012,0.000000,0.578947,-0.006075,0.015796,0.993925,1300.000000,0.000000,0.003010,-0.363226,0.984204,0.993925,1.007344,0.991432,-0.025502,0.015796,160.000000,0.000612,150.000000,0.000000,1.000000
64780.000000,64710.000000,793.473377,0.989503,1.023245,0.361472,-0.856992,0.000052,2100.000000,0.631579,0.007862,0.015723,1.007862,1000.000000,0.000000,0.002398,-0.115406,0.984448,1.007862,0.992590,0.977153,0.332946,0.015723,519.230199,-0.004631,845.576726,0.007862,1.000000
74360.000000,74755.000000,688.767014,0.987090,0.794672,0.341060,-1.393795,0.000036,-800.000000,0.368421,-0.004071,0.016282,0.995929,1200.000000,0.000000,0.003128,-0.402425,0.983893,0.995929,1.001883,0.985745,-0.432733,0.016282,260.768096,-0.005715,553.962995,-0.009447,1.000000
72400.000000,71905.000000,789.936706,1.012431,0.799523,0.840106,1.139332,0.000064,-1600.000000,0.473684,0.001366,0.009563,1.001366,700.000000,0.000000,0.001998,-0.156666,0.990476,1.001366,1.015193,1.005525,-0.173875,0.009563,257.681975,0.006215,634.428877,-0.001362,0.000000
57860.000000,59410.000000,1417.885750,1.021431,0.744063,0.447021,0.874542,0.000056,-2000.000000,0.421053,0.000000,0.020305,1.000000,1200.000000,0.000000,0.004474,-0.257246,0.979933,1.000000,1.033529,1.012789,-0.370204,0.020305,646.838465,0.010802,1251.748777,-0.008389,1.000000
71340.000000,68365.000000,523.832034,0.993832,1.304133,0.721487,-0.839964,0.000042,600.000000,0.526316,0.007102,0.012784,1.007102,900.000000,0.000000,0.002438,0.316939,0.987306,1.007102,0.993832,0.981217,0.306509,0.012784,231.516738,0.000000,781.024968,-0.001408,1.000000
67860.000000,69660.000000,567.802783,0.991748,0.763020,0.090258,-0.986258,0.000062,300.000000,0.263158,-0.002963,0.014815,0.997037,1000.000000,0.000000,0.002464,-0.364128,0.985272,0.997037,1.000589,0.985853,-0.362255,0.014815,391.918359,-0.001105,831.790238,-0.002963,0.000000
74160.000000,80345.000000,1068.831137,1.018069,0.365370,0.251606,1.253706,0.000050,-500.000000,0.473684,0.003989,0.014628,1.003989,1100.000000,0.000000,0.003742,-0.559605,0.985507,1.003989,1.023463,1.008630,-0.791961,0.014628,866.256313,0.010113,1285.496013,0.010710,1.000000
79140.000000,79490.000000,1771.552991,1.027293,0.724077,0.658622,1.219269,0.000060,-3700.000000,0.368421,0.006188,0.011139,1.006188,900.000000,0.000000,0.003550,-0.382425,0.988943,1.006188,1.028557,1.017185,-0.311329,0.011139,379.473319,0.012004,1619.413474,0.000000,0.000000
63380.000000,67590.000000,943.186090,1.012938,0.946812,0.310265,0.869394,0.000033,-3000.000000,0.263158,-0.007728,0.018547,0.992272,1200.000000,0.000000,0.004414,0.079006,0.981651,0.992272,1.031871,1.012938,-0.003831,0.018547,344.093011,0.006311,1343.502884,-0.007728,0.000000
71560.000000,68735.000000,523.832034,1.006149,1.018820,0.788547,0.839964,0.000050,1200.000000,0.578947,0.012658,0.021097,1.012658,1500.000000,0.000000,0.002454,0.027126,0.979253,1.012658,1.010341,0.989380,0.237499,0.021097,331.058907,-0.000699,698.212002,0.015515,0.000000
72980.000000,73680.000000,146.969385,1.003015,0.829511,0.352913,1.496910,0.000011,200.000000,0.473684,0.004115,0.015089,1.004115,1100.000000,0.000000,0.002561,-0.228341,0.985115,1.004115,1.012606,0.997534,-0.224413,0.015089,205.912603,0.000343,192.028644,0.004115,1.000000
65060.000000,64640.000000,749.933330,0.977559,1.361337,0.279503,-1.946840,0.000047,-1100.000000,0.631579,-0.026034,0.030628,0.973966,2000.000000,0.000000,0.002386,0.136821,0.969419,0.973966,1.005226,0.974485,0.578909,0.030628,560.000000,-0.007301,725.861557,-0.024540,1.000000
62880.000000,62840.000000,519.230199,0.997137,1.078676,0.460279,-0.346667,0.000067,1200.000000,0.631579,-0.003180,0.019078,0.996820,1200.000000,0.000000,0.002518,-0.141392,0.980952,0.996820,1.001908,0.982824,0.414325,0.019078,409.878031,-0.001988,1049.702339,0.001597,0.000000
60120.000000,61415.000000,391.918359,0.998004,0.988350,0.196021,-0.306186,0.000039,1100.000000,0.421053,0.001669,0.015025,1.001669,900.000000,0.000000,0.002014,0.062746,0.985050,1.001669,1.001331,0.986361,0.113868,0.015025,135.646600,-0.002911,414.578099,0.008403,0.000000
67740.000000,69410.000000,665.131566,0.989076,1.101647,0.083332,-1.112562,0.000054,-100.000000,0.263158,0.004498,0.011994,1.004498,800.000000,0.000000,0.002476,-0.108726,0.988077,1.004498,0.990552,0.978742,-0.236684,0.011994,363.318042,-0.007012,268.095132,-0.004458,0.000000
71640.000000,71800.000000,1251.559028,1.024567,1.229931,0.906558,1.406246,0.000067,1500.000000,0.526316,0.012414,0.013793,1.012414,1000.000000,0.000000,0.002007,0.325648,0.986376,1.012414,1.024567,1.010609,0.355866,0.013793,241.660919,0.013610,807.387763,0.020862,0.000000
74040.000000,74285.000000,349.857114,1.003512,0.987781,0.502389,0.743161,0.000050,-1100.000000,0.368421,-0.009333,0.021333,0.990667,1600.000000,0.000000,0.003055,-0.328691,0.978752,0.990667,1.017018,0.995408,-0.047917,0.021333,257.681975,0.001013,609.815546,-0.001344,0.000000
70400.000000,69105.000000,322.490310,1.000000,0.753464,0.746465,0.000000,0.000028,-300.000000,0.421053,-0.012623,0.014025,0.987377,1000.000000,0.000000,0.002291,-0.323881,0.985975,0.987377,1.012784,0.998580,-0.463285,0.014025,287.054002,-0.001776,535.607132,-0.001418,1.000000
67760.000000,68890.000000,849.941174,0.993211,0.726324,0.255629,-0.541214,0.000052,200.000000,0.368421,-0.008837,0.025037,0.991163,1700.000000,0.000000,0.002581,-0.182233,0.975182,0.991163,1.010921,0.985832,-0.366526,0.025037,305.941171,0.003321,1098.578627,-0.010294,1.000000
65460.000000,64605.000000,185.472370,0.996028,1.117906,0.622005,-1.401826,0.000026,-900.000000,0.631579,-0.001531,0.013783,0.998469,900.000000,0.000000,0.002348,-0.073406,0.986301,0.998469,1.003666,0.989918,-0.122650,0.013783,265.329983,-0.001528,324.037035,-0.007610,0.000000
83760.000000,77895.000000,1339.552164,1.018386,0.901341,0.922439,1.149638,0.000051,2100.000000,0.578947,0.001174,0.014085,1.001174,1200.000000,0.000000,0.004041,0.046549,0.985965,1.001174,1.020774,1.006447,-0.069211,0.014085,313.687743,0.008656,1525.409781,0.014269,0.000000
73220.000000,73830.000000,318.747549,0.995630,1.153249,0.200119,-1.003929,0.000030,-300.000000,0.421053,-0.009511,0.017663,0.990489,1300.000000,0.000000,0.002537,0.071201,0.982480,0.990489,1.013384,0.995630,0.274921,0.017663,185.472370,-0.003073,216.506351,-0.002736,0.000000
77460.000000,78650.000000,1671.645896,1.010844,1.010328,0.477268,0.502499,0.000106,-4900.000000,0.578947,-0.022472,0.026217,0.977528,2100.000000,0.000000,0.003596,-0.341046,0.973783,0.977528,1.034082,1.006971,0.437767,0.026217,448.998886,0.009037,1747.855829,-0.023691,1.000000
62460.000000,65525.000000,1659.638515,0.970221,0.800703,0.168281,-1.120726,0.000044,-500.000000,0.157895,-0.006557,0.019672,0.993443,1200.000000,0.000000,0.004769,-0.148312,0.980551,0.993443,0.987832,0.968620,-0.354534,0.019672,640.000000,-0.016411,983.298022,-0.011419,1.000000
73820.000000,74060.000000,863.481326,0.986183,0.812101,0.162362,-1.181265,0.000053,800.000000,0.526316,-0.006821,0.012278,0.993179,900.000000,0.000000,0.002690,-0.162647,0.987738,0.993179,0.994310,0.982119,-0.353949,0.012278,377.359245,-0.004403,903.811374,-0.002740,1.000000
81160.000000,78565.000000,392.937654,1.004189,0.643072,0.791472,0.865277,0.000023,-400.000000,0.631579,-0.004884,0.013431,0.995116,1100.000000,0.000000,0.003167,-0.499812,0.986569,0.995116,1.009118,0.995564,-0.388133,0.013431,233.238076,0.002772,216.506351,-0.001225,1.000000
73540.000000,75205.000000,1809.530326,1.022573,0.751637,0.499439,0.917365,0.000059,-300.000000,0.473684,-0.006605,0.019815,0.993395,1500.000000,0.000000,0.003234,-0.234043,0.980211,0.993395,1.030732,1.010335,-0.348155,0.019815,436.348485,0.014278,1145.643924,0.001332,0.000000
72460.000000,71995.000000,733.757453,0.989511,0.865424,0.423708,-1.035765,0.000051,1000.000000,0.421053,-0.013755,0.020633,0.986245,1500.000000,0.000000,0.002002,-0.088120,0.979396,0.986245,1.004692,0.983991,-0.244212,0.020633,360.000000,-0.000690,1003.742995,-0.004167,0.000000
66960.000000,68925.000000,427.083130,0.990143,1.071007,0.068953,-1.545367,0.000031,-100.000000,0.263158,0.004545,0.013636,1.004545,900.000000,0.000000,0.002492,-0.210498,0.986507,1.004545,0.996117,0.982676,0.200793,0.013636,185.472370,-0.004480,70.710678,-0.005997,1.000000
76180.000000,76755.000000,970.360758,0.987136,0.942473,0.256339,-1.009934,0.000052,1100.000000,0.315789,-0.009223,0.011858,0.990777,900.000000,0.000000,0.003515,-0.191297,0.988158,0.990777,0.997637,0.985823,0.203796,0.011858,205.912603,-0.000328,1344.200506,-0.006605,1.000000
73380.000000,74095.000000,457.820926,0.998910,1.088998,0.243942,-0.174741,0.000058,-1500.000000,0.473684,-0.005427,0.012212,0.994573,900.000000,0.000000,0.002574,-0.044538,0.987788,0.994573,1.004361,0.992096,0.180663,0.012212,263.818119,-0.002385,736.121593,-0.006775,0.000000
72460.000000,72375.000000,760.526134,1.014353,1.336695,0.968831,1.367474,0.000052,100.000000,0.526316,0.002729,0.005457,1.002729,400.000000,0.000000,0.001872,0.230955,0.994558,1.002729,1.014353,1.008832,0.693771,0.005457,193.907194,0.006210,460.977223,0.006849,0.000000
73100.000000,72500.000000,228.035085,1.004104,0.596208,0.830668,1.315587,0.000028,900.000000,0.526316,0.005479,0.008219,1.005479,600.000000,0.000000,0.001930,-0.226834,0.991826,1.005479,1.004104,0.995896,-0.320897,0.008219,456.070170,0.002052,335.410197,0.006859,1.000000
67300.000000,65485.000000,1439.444337,1.016345,0.624404,1.022502,0.764184,0.000058,-200.000000,0.526316,-0.001460,0.008759,0.998540,600.000000,0.000000,0.002099,-0.316780,0.991266,0.998540,1.020802,1.011887,-0.203235,0.008759,231.516738,0.012630,923.309266,-0.001460,1.000000
81680.000000,84705.000000,1225.397895,0.994123,0.796488,0.163391,-0.391710,0.000065,-200.000000,0.526316,-0.004902,0.011029,0.995098,900.000000,0.000000,0.003618,-0.407441,0.989024,0.995098,1.003918,0.992899,-0.188328,0.011029,222.710575,-0.008264,1082.531755,0.003708,0.000000
72060.000000,71945.000000,585.149554,0.995004,0.723505,0.429810,-0.615227,0.000061,1900.000000,0.526316,-0.001393,0.006964,0.998607,500.000000,0.000000,0.001851,-0.264888,0.993065,0.998607,1.000555,0.993616,-0.485350,0.006964,263.818119,-0.003816,852.569645,0.007022,0.000000
70680.000000,71685.000000,604.648658,0.990379,1.102989,0.130436,-1.124620,0.000034,-500.000000,0.263158,0.000000,0.010000,1.000000,700.000000,0.000000,0.002088,0.148606,0.990071,1.000000,0.997453,0.987550,0.313730,0.010000,292.574777,-0.006013,326.917421,-0.005682,0.000000
81100.000000,84665.000000,521.536192,0.998767,0.847053,0.154658,-0.191741,0.000058,-500.000000,0.526316,0.007463,0.012438,1.007463,1000.000000,0.000000,0.003607,-0.388349,0.987654,1.007463,0.998767,0.986436,-0.222530,0.012438,193.907194,-0.003083,820.060973,-0.002463,1.000000
78800.000000,77980.000000,737.563557,0.993655,0.648333,0.523593,-0.677908,0.000097,600.000000,0.578947,-0.005083,0.013977,0.994917,1100.000000,0.000000,0.003386,-0.596888,0.986058,0.994917,1.001269,0.987310,-0.630619,0.013977,448.998886,-0.006028,925.675429,0.000000,0.000000
79980.000000,78745.000000,1154.816003,0.980245,0.995144,0.459280,-1.368183,0.000070,-300.000000,0.315789,-0.012594,0.028967,0.987406,2300.000000,0.000000,0.003435,-0.090293,0.971214,0.987406,0.999000,0.970243,-0.289133,0.028967,495.580468,-0.009065,580.409338,-0.010101,0.000000
74640.000000,77550.000000,945.727233,1.008842,0.614031,0.234820,0.697876,0.000058,-2600.000000,0.263158,0.005340,0.016021,1.005340,1200.000000,0.000000,0.003508,-0.326806,0.984231,1.005340,1.019561,1.003483,-0.533870,0.016021,680.000000,0.000335,1404.234667,-0.005284,1.000000
68360.000000,68835.000000,728.285658,1.015214,1.027963,0.588869,1.428011,0.000074,2800.000000,0.368421,0.025111,0.036928,1.025111,2500.000000,0.000000,0.002628,0.102742,0.964235,1.025111,1.022528,0.985957,-0.313776,0.036928,544.058820,0.004389,1208.304597,0.031204,1.000000
73020.000000,73765.000000,172.046505,0.996987,1.014640,0.199905,-1.278724,0.000017,100.000000,0.421053,0.006916,0.013831,1.006916,1000.000000,0.000000,0.002562,-0.040798,0.986339,1.006916,1.002465,0.988770,-0.000826,0.013831,185.472370,-0.001712,147.901995,-0.001372,1.000000
77040.000000,80175.000000,618.384993,1.012461,1.168482,0.337290,1.552431,0.000049,-300.000000,0.368421,0.005155,0.016753,1.005155,1300.000000,0.000000,0.003736,-0.152529,0.983461,1.005155,1.020249,1.003375,0.215543,0.016753,241.660919,0.005517,286.138079,0.006452,0.000000
75880.000000,77980.000000,1471.597771,0.968635,0.957764,-0.138117,-1.617290,0.000055,700.000000,0.315789,-0.017380,0.022727,0.982620,1700.000000,0.000000,0.003467,0.379632,0.977394,0.982620,0.991038,0.968635,0.023663,0.022727,1063.954886,-0.007907,1504.991694,-0.022606,1.000000
87000.000000,82930.000000,1308.434179,0.970115,1.153353,0.623082,-1.987108,0.000036,-3000.000000,0.631579,-0.017462,0.023283,0.982538,2000.000000,0.000000,0.003445,0.281020,0.976771,0.982538,0.989655,0.966667,0.096047,0.023283,447.213595,-0.008621,1430.908802,-0.036530,1.000000
72460.000000,71715.000000,174.355958,0.996412,1.109713,0.703137,-1.491202,0.000030,100.000000,0.473684,-0.004138,0.013793,0.995862,1000.000000,0.000000,0.002097,-0.065917,0.986245,0.995862,1.003312,0.989511,0.109360,0.013793,174.355958,-0.000690,206.155281,-0.002762,1.000000
66960.000000,69255.000000,791.454357,1.018519,1.273784,0.340735,1.566736,0.000046,1400.000000,0.368421,-0.005831,0.021866,0.994169,1500.000000,0.000000,0.002535,0.665527,0.978386,0.994169,1.036440,1.014038,0.079114,0.021866,292.574777,0.002614,1049.702339,0.027108,1.000000
77240.000000,77335.000000,1080.000000,0.981357,1.066901,0.380208,-1.333333,0.000059,1300.000000,0.473684,0.001321,0.011889,1.001321,900.000000,0.000000,0.003291,-0.433417,0.988235,1.001321,0.990419,0.978767,0.425918,0.011889,519.230199,-0.008092,601.560471,-0.003942,1.000000
84400.000000,79575.000000,558.569602,0.990521,1.011292,0.732378,-1.432230,0.000032,-900.000000,0.473684,-0.010651,0.021302,0.989349,1800.000000,0.000000,0.004205,-0.054851,0.978799,0.989349,1.005924,0.984597,-0.221930,0.021302,224.499443,-0.001481,840.758586,-0.010651,1.000000
60060.000000,62800.000000,826.075057,1.012321,0.659910,0.285686,0.895802,0.000028,1100.000000,0.315789,0.021849,0.030252,1.021849,1800.000000,0.000000,0.005248,-0.333368,0.970588,1.021849,1.018981,0.989011,-0.404382,0.030252,500.399840,-0.000833,1101.135777,0.025295,1.000000
58940.000000,60790.000000,665.131566,1.002715,1.227649,0.267241,0.240554,0.000032,2700.000000,0.421053,0.027826,0.050435,1.027826,2900.000000,0.000000,0.004615,-0.009095,0.951667,1.027826,1.017984,0.968782,0.168054,0.050435,733.757453,-0.002545,981.070844,0.024263,0.000000
79580.000000,79250.000000,1571.496102,1.001508,1.040589,0.543055,0.076360,0.000069,-1600.000000,0.368421,-0.017263,0.022195,0.982737,1800.000000,0.000000,0.003549,-0.114490,0.977914,0.982737,1.024127,1.001508,-0.007444,0.022195,360.000000,0.005341,1980.372440,-0.019680,0.000000
76060.000000,73470.000000,1165.504183,1.025506,1.312336,1.162848,1.664516,0.000058,700.000000,0.736842,0.016949,0.019557,1.016949,1500.000000,0.000000,0.002196,0.575538,0.980769,1.016949,1.025506,1.005785,0.224117,0.019557,265.329983,0.010518,430.116263,0.018277,1.000000
60940.000000,64245.000000,440.908154,0.989498,0.926740,0.154669,-1.451549,0.000032,-1100.000000,0.210526,0.005000,0.018333,1.005000,1100.000000,0.000000,0.005050,-0.090704,0.981967,1.005000,1.000985,0.982934,-0.161569,0.018333,663.324958,-0.004923,452.769257,-0.011475,0.000000
70580.000000,68600.000000,231.516738,1.004534,1.249295,0.803178,1.382189,0.000027,700.000000,0.473684,-0.002813,0.018284,0.997187,1300.000000,0.000000,0.002162,0.236481,0.981844,0.997187,1.014452,0.996033,0.161161,0.018284,248.193473,0.001771,334.477204,0.005674,1.000000
70040.000000,70925.000000,781.280999,0.982296,1.276547,0.060316,-1.587137,0.000070,100.000000,0.315789,-0.015737,0.024320,0.984263,1700.000000,0.000000,0.002525,0.332565,0.975783,0.984263,1.002284,0.978013,0.034314,0.024320,435.430821,-0.006425,1021.028893,-0.015737,0.000000
69140.000000,68445.000000,1336.562756,1.025456,1.440324,1.004930,1.316811,0.000060,1400.000000,0.473684,0.015759,0.022923,1.015759,1600.000000,0.000000,0.002503,0.487352,0.977433,1.015759,1.025456,1.002314,0.534175,0.022923,440.000000,0.014463,670.820393,0.018678,1.000000
74040.000000,73850.000000,840.476056,1.015667,0.974180,0.770173,1.380170,0.000068,700.000000,0.473684,0.016216,0.020270,1.016216,1500.000000,0.000000,0.003073,-0.184856,0.980053,1.016216,1.015667,0.995408,0.070072,0.020270,132.664992,0.002701,1202.081528,0.021739,0.000000
75140.000000,73205.000000,1083.697375,1.019430,0.983380,1.123596,1.347240,0.000055,-200.000000,0.684211,0.006570,0.013141,1.006570,1000.000000,0.000000,0.002134,0.033442,0.986962,1.006570,1.020761,1.007453,0.477936,0.013141,185.472370,0.010647,430.116263,0.009223,1.000000
72520.000000,71870.000000,411.825206,0.992830,1.076632,0.547707,-1.262672,0.000040,-1000.000000,0.526316,-0.013699,0.019178,0.986301,1400.000000,0.000000,0.002044,0.009055,0.980900,0.986301,1.010756,0.991451,0.006594,0.019178,280.000000,-0.001379,640.312424,-0.013699,0.000000
70880.000000,71700.000000,980.612054,1.014391,0.781842,0.554750,1.040167,0.000074,-1600.000000,0.526316,0.009831,0.012640,1.009831,900.000000,0.000000,0.001996,-0.129229,0.987500,1.009831,1.015801,1.003104,-0.297888,0.012640,275.680975,0.001058,1340.475662,0.005594,1.000000
72680.000000,72405.000000,661.513416,1.001651,1.161622,0.663123,0.181402,0.000051,-1200.000000,0.473684,-0.006821,0.009550,0.993179,700.000000,0.000000,0.001813,0.211641,0.990476,0.993179,1.011282,1.001651,0.480111,0.009550,172.046505,0.004472,649.519053,-0.009524,1.000000
84540.000000,81045.000000,2439.344174,1.033830,0.860903,1.050189,1.172446,0.000040,-2200.000000,0.736842,-0.005688,0.019340,0.994312,1700.000000,0.000000,0.003468,0.161039,0.980813,0.994312,1.048025,1.027916,0.660860,0.019340,427.083130,0.016560,1258.967831,0.003444,1.000000
78520.000000,76825.000000,1188.949116,1.016302,0.825608,0.924974,1.076581,0.000069,3200.000000,0.473684,0.013977,0.020330,1.013977,1600.000000,0.000000,0.003712,-0.178358,0.980050,1.013977,1.021396,1.001019,-0.053990,0.020330,224.499443,0.010507,1398.883483,0.021767,1.000000
71660.000000,71915.000000,1009.158065,0.981021,1.402753,0.113149,-1.347658,0.000053,0.000000,0.315789,-0.001420,0.014205,0.998580,1000.000000,0.000000,0.002023,0.368803,0.985795,0.998580,0.982417,0.968462,0.643026,0.014205,360.000000,-0.010466,357.071421,-0.009859,1.000000
86480.000000,84515.000000,1103.449138,0.975948,0.902841,0.489526,-1.884999,0.000068,-2700.000000,0.578947,-0.014019,0.023364,0.985981,2000.000000,0.000000,0.003496,-0.110343,0.976771,0.985981,0.995606,0.972479,-0.262928,0.023364,776.144316,-0.006649,1319.801121,-0.028769,0.000000
71200.000000,71285.000000,374.165739,1.005618,1.081043,0.601222,1.069045,0.000049,-500.000000,0.473684,-0.005556,0.008333,0.994444,600.000000,0.000000,0.002507,-0.176115,0.991690,0.994444,1.014045,1.005618,0.110676,0.008333,271.293199,0.001404,620.483682,0.004208,1.000000
77500.000000,78150.000000,909.945053,0.996129,1.772052,0.330336,-0.329690,0.000044,3700.000000,0.368421,0.025232,0.055777,1.025232,4200.000000,0.000000,0.003179,1.309440,0.946292,1.025232,1.009032,0.954839,2.201120,0.055777,1192.644121,-0.003871,1408.900280,0.017128,1.000000
74820.000000,73675.000000,2789.551935,1.059877,1.545919,1.349411,1.605993,0.000062,-1700.000000,0.578947,0.001263,0.020202,1.001263,1600.000000,0.000000,0.003309,1.256565,0.979823,1.001263,1.059877,1.038492,0.973813,0.020202,1105.260150,0.023389,1625.576821,0.031209,0.000000
70380.000000,71265.000000,722.218803,0.991759,0.645008,0.185975,-0.803081,0.000044,300.000000,0.263158,-0.015515,0.016925,0.984485,1200.000000,0.000000,0.002450,-0.108876,0.983099,0.984485,1.008809,0.991759,-0.089384,0.016925,730.479295,-0.000710,1171.537451,-0.011331,1.000000
78760.000000,78275.000000,588.557559,0.992890,1.204341,0.488060,-0.951479,0.000036,0.000000,0.315789,-0.024938,0.027431,0.975062,2200.000000,0.000000,0.003343,0.051850,0.972603,0.975062,1.019553,0.991620,0.118862,0.027431,519.230199,-0.004761,294.745653,-0.001277,0.000000
60560.000000,60525.000000,542.586399,1.008917,0.869729,0.702711,0.995233,0.000068,700.000000,0.526316,0.001639,0.011475,1.001639,700.000000,0.000000,0.001981,-0.240782,0.988562,1.001639,1.010568,0.999009,-0.153916,0.011475,193.907194,0.004954,930.053762,0.013267,1.000000
63880.000000,70270.000000,1352.627074,0.979962,0.831556,0.132323,-0.946307,0.000030,-300.000000,0.210526,0.004815,0.020867,1.004815,1300.000000,0.000000,0.003767,0.269201,0.979528,1.004815,0.994051,0.973701,-0.204596,0.020867,361.109402,-0.014480,715.454401,-0.006349,1.000000
65360.000000,64315.000000,174.355958,0.999082,0.739709,0.685235,-0.344124,0.000028,-100.000000,0.631579,0.003072,0.010753,1.003072,700.000000,0.000000,0.002396,-0.335816,0.989280,1.003072,0.999082,0.988372,-0.412656,0.010753,386.781592,0.000765,206.155281,-0.003053,1.000000
73060.000000,73250.000000,688.767014,1.014235,1.061742,0.851974,1.509945,0.000061,-100.000000,0.473684,0.005427,0.008141,1.005427,600.000000,0.000000,0.002573,-0.007726,0.991903,1.005427,1.014235,1.006022,0.050022,0.008141,280.000000,0.006502,801.171018,0.010914,1.000000
66700.000000,65350.000000,1480.540442,1.026987,1.000277,1.142029,1.215772,0.000066,-2100.000000,0.526316,0.001462,0.014620,1.001462,1000.000000,0.000000,0.002116,0.145695,0.985507,1.001462,1.034483,1.019490,0.173142,0.014620,231.516738,0.011619,1005.919977,0.001462,0.000000
74920.000000,75280.000000,1419.013742,0.977042,2.282758,0.242359,-1.212109,0.000027,700.000000,0.526316,0.004115,0.012346,1.004115,900.000000,0.000000,0.003061,2.156642,0.987772,1.004115,0.982381,0.970368,4.103473,0.012346,994.786409,-0.011345,657.647322,-0.005435,0.000000
69100.000000,68545.000000,1052.615789,0.995658,1.005838,0.552429,-0.285004,0.000074,300.000000,0.315789,-0.001451,0.015965,0.998549,1100.000000,0.000000,0.002551,-0.001713,0.984104,0.998549,1.001447,0.985528,0.206773,0.015965,640.000000,0.005427,1279.404158,-0.010072,0.000000
69960.000000,67890.000000,1583.161394,1.000572,0.596162,0.840862,0.025266,0.000060,-200.000000,0.315789,-0.009901,0.015559,0.990099,1100.000000,0.000000,0.002128,-0.101280,0.984463,0.990099,1.012007,0.996284,-0.285006,0.015559,1269.015366,0.011078,1948.557159,-0.009901,1.000000
62680.000000,61560.000000,1087.014259,1.017869,0.704807,0.837791,1.030345,0.000059,-1400.000000,0.684211,-0.001565,0.015649,0.998435,1000.000000,0.000000,0.002663,-0.044381,0.984375,0.998435,1.021059,1.005105,-0.276283,0.015649,576.194412,0.001994,1487.237372,0.004724,0.000000
60620.000000,61730.000000,483.321839,0.991422,1.114456,0.126931,-1.075888,0.000042,200.000000,0.421053,-0.006612,0.014876,0.993388,900.000000,0.000000,0.001988,0.207782,0.985197,0.993388,1.002969,0.988123,0.338246,0.014876,101.980390,-0.001650,670.820393,-0.003317,0.000000
61400.000000,62340.000000,593.295879,0.985342,1.030358,-0.001483,-1.516950,0.000074,-100.000000,0.526316,-0.004934,0.009868,0.995066,600.000000,0.000000,0.002306,-0.189581,0.990132,0.995066,0.990228,0.980456,0.455399,0.009868,236.643191,-0.006515,758.287544,-0.013051,1.000000
70100.000000,69635.000000,1039.230485,0.982882,0.801465,0.391598,-1.154701,0.000050,-500.000000,0.421053,-0.004335,0.014451,0.995665,1000.000000,0.000000,0.002338,-0.226461,0.985673,0.995665,0.995720,0.981455,-0.394264,0.014451,248.193473,-0.011056,617.960355,-0.010057,0.000000
